<?xml version="1.0" encoding="UTF-8"?>
<spirit:component xmlns:xilinx="http://www.xilinx.com" xmlns:spirit="http://www.spiritconsortium.org/XMLSchema/SPIRIT/1685-2009" xmlns:xsi="http://www.w3.org/2001/XMLSchema-instance">
  <spirit:vendor>user.org</spirit:vendor>
  <spirit:library>user</spirit:library>
  <spirit:name>minimap_v2_0</spirit:name>
  <spirit:version>2.0</spirit:version>
  <spirit:busInterfaces>
    <spirit:busInterface>
      <spirit:name>M_AXI</spirit:name>
      <spirit:busType spirit:vendor="xilinx.com" spirit:library="interface" spirit:name="aximm" spirit:version="1.0"/>
      <spirit:abstractionType spirit:vendor="xilinx.com" spirit:library="interface" spirit:name="aximm_rtl" spirit:version="1.0"/>
      <spirit:master>
        <spirit:addressSpaceRef spirit:addressSpaceRef="M_AXI"/>
      </spirit:master>
      <spirit:portMaps>
        <spirit:portMap>
          <spirit:logicalPort>
            <spirit:name>AWADDR</spirit:name>
          </spirit:logicalPort>
          <spirit:physicalPort>
            <spirit:name>M_AXI_AWADDR</spirit:name>
          </spirit:physicalPort>
        </spirit:portMap>
        <spirit:portMap>
          <spirit:logicalPort>
            <spirit:name>AWLEN</spirit:name>
          </spirit:logicalPort>
          <spirit:physicalPort>
            <spirit:name>M_AXI_AWLEN</spirit:name>
          </spirit:physicalPort>
        </spirit:portMap>
        <spirit:portMap>
          <spirit:logicalPort>
            <spirit:name>AWSIZE</spirit:name>
          </spirit:logicalPort>
          <spirit:physicalPort>
            <spirit:name>M_AXI_AWSIZE</spirit:name>
          </spirit:physicalPort>
        </spirit:portMap>
        <spirit:portMap>
          <spirit:logicalPort>
            <spirit:name>AWBURST</spirit:name>
          </spirit:logicalPort>
          <spirit:physicalPort>
            <spirit:name>M_AXI_AWBURST</spirit:name>
          </spirit:physicalPort>
        </spirit:portMap>
        <spirit:portMap>
          <spirit:logicalPort>
            <spirit:name>AWVALID</spirit:name>
          </spirit:logicalPort>
          <spirit:physicalPort>
            <spirit:name>M_AXI_AWVALID</spirit:name>
          </spirit:physicalPort>
        </spirit:portMap>
        <spirit:portMap>
          <spirit:logicalPort>
            <spirit:name>AWREADY</spirit:name>
          </spirit:logicalPort>
          <spirit:physicalPort>
            <spirit:name>M_AXI_AWREADY</spirit:name>
          </spirit:physicalPort>
        </spirit:portMap>
        <spirit:portMap>
          <spirit:logicalPort>
            <spirit:name>WDATA</spirit:name>
          </spirit:logicalPort>
          <spirit:physicalPort>
            <spirit:name>M_AXI_WDATA</spirit:name>
          </spirit:physicalPort>
        </spirit:portMap>
        <spirit:portMap>
          <spirit:logicalPort>
            <spirit:name>WSTRB</spirit:name>
          </spirit:logicalPort>
          <spirit:physicalPort>
            <spirit:name>M_AXI_WSTRB</spirit:name>
          </spirit:physicalPort>
        </spirit:portMap>
        <spirit:portMap>
          <spirit:logicalPort>
            <spirit:name>WLAST</spirit:name>
          </spirit:logicalPort>
          <spirit:physicalPort>
            <spirit:name>M_AXI_WLAST</spirit:name>
          </spirit:physicalPort>
        </spirit:portMap>
        <spirit:portMap>
          <spirit:logicalPort>
            <spirit:name>WVALID</spirit:name>
          </spirit:logicalPort>
          <spirit:physicalPort>
            <spirit:name>M_AXI_WVALID</spirit:name>
          </spirit:physicalPort>
        </spirit:portMap>
        <spirit:portMap>
          <spirit:logicalPort>
            <spirit:name>WREADY</spirit:name>
          </spirit:logicalPort>
          <spirit:physicalPort>
            <spirit:name>M_AXI_WREADY</spirit:name>
          </spirit:physicalPort>
        </spirit:portMap>
        <spirit:portMap>
          <spirit:logicalPort>
            <spirit:name>BRESP</spirit:name>
          </spirit:logicalPort>
          <spirit:physicalPort>
            <spirit:name>M_AXI_BRESP</spirit:name>
          </spirit:physicalPort>
        </spirit:portMap>
        <spirit:portMap>
          <spirit:logicalPort>
            <spirit:name>BVALID</spirit:name>
          </spirit:logicalPort>
          <spirit:physicalPort>
            <spirit:name>M_AXI_BVALID</spirit:name>
          </spirit:physicalPort>
        </spirit:portMap>
        <spirit:portMap>
          <spirit:logicalPort>
            <spirit:name>BREADY</spirit:name>
          </spirit:logicalPort>
          <spirit:physicalPort>
            <spirit:name>M_AXI_BREADY</spirit:name>
          </spirit:physicalPort>
        </spirit:portMap>
        <spirit:portMap>
          <spirit:logicalPort>
            <spirit:name>ARADDR</spirit:name>
          </spirit:logicalPort>
          <spirit:physicalPort>
            <spirit:name>M_AXI_ARADDR</spirit:name>
          </spirit:physicalPort>
        </spirit:portMap>
        <spirit:portMap>
          <spirit:logicalPort>
            <spirit:name>ARLEN</spirit:name>
          </spirit:logicalPort>
          <spirit:physicalPort>
            <spirit:name>M_AXI_ARLEN</spirit:name>
          </spirit:physicalPort>
        </spirit:portMap>
        <spirit:portMap>
          <spirit:logicalPort>
            <spirit:name>ARSIZE</spirit:name>
          </spirit:logicalPort>
          <spirit:physicalPort>
            <spirit:name>M_AXI_ARSIZE</spirit:name>
          </spirit:physicalPort>
        </spirit:portMap>
        <spirit:portMap>
          <spirit:logicalPort>
            <spirit:name>ARBURST</spirit:name>
          </spirit:logicalPort>
          <spirit:physicalPort>
            <spirit:name>M_AXI_ARBURST</spirit:name>
          </spirit:physicalPort>
        </spirit:portMap>
        <spirit:portMap>
          <spirit:logicalPort>
            <spirit:name>ARVALID</spirit:name>
          </spirit:logicalPort>
          <spirit:physicalPort>
            <spirit:name>M_AXI_ARVALID</spirit:name>
          </spirit:physicalPort>
        </spirit:portMap>
        <spirit:portMap>
          <spirit:logicalPort>
            <spirit:name>ARREADY</spirit:name>
          </spirit:logicalPort>
          <spirit:physicalPort>
            <spirit:name>M_AXI_ARREADY</spirit:name>
          </spirit:physicalPort>
        </spirit:portMap>
        <spirit:portMap>
          <spirit:logicalPort>
            <spirit:name>RDATA</spirit:name>
          </spirit:logicalPort>
          <spirit:physicalPort>
            <spirit:name>M_AXI_RDATA</spirit:name>
          </spirit:physicalPort>
        </spirit:portMap>
        <spirit:portMap>
          <spirit:logicalPort>
            <spirit:name>RRESP</spirit:name>
          </spirit:logicalPort>
          <spirit:physicalPort>
            <spirit:name>M_AXI_RRESP</spirit:name>
          </spirit:physicalPort>
        </spirit:portMap>
        <spirit:portMap>
          <spirit:logicalPort>
            <spirit:name>RLAST</spirit:name>
          </spirit:logicalPort>
          <spirit:physicalPort>
            <spirit:name>M_AXI_RLAST</spirit:name>
          </spirit:physicalPort>
        </spirit:portMap>
        <spirit:portMap>
          <spirit:logicalPort>
            <spirit:name>RVALID</spirit:name>
          </spirit:logicalPort>
          <spirit:physicalPort>
            <spirit:name>M_AXI_RVALID</spirit:name>
          </spirit:physicalPort>
        </spirit:portMap>
        <spirit:portMap>
          <spirit:logicalPort>
            <spirit:name>RREADY</spirit:name>
          </spirit:logicalPort>
          <spirit:physicalPort>
            <spirit:name>M_AXI_RREADY</spirit:name>
          </spirit:physicalPort>
        </spirit:portMap>
      </spirit:portMaps>
    </spirit:busInterface>
    <spirit:busInterface>
      <spirit:name>M_AXI_ARESETN</spirit:name>
      <spirit:busType spirit:vendor="xilinx.com" spirit:library="signal" spirit:name="reset" spirit:version="1.0"/>
      <spirit:abstractionType spirit:vendor="xilinx.com" spirit:library="signal" spirit:name="reset_rtl" spirit:version="1.0"/>
      <spirit:slave/>
      <spirit:portMaps>
        <spirit:portMap>
          <spirit:logicalPort>
            <spirit:name>RST</spirit:name>
          </spirit:logicalPort>
          <spirit:physicalPort>
            <spirit:name>M_AXI_ARESETN</spirit:name>
          </spirit:physicalPort>
        </spirit:portMap>
      </spirit:portMaps>
      <spirit:parameters>
        <spirit:parameter>
          <spirit:name>POLARITY</spirit:name>
          <spirit:value spirit:id="BUSIFPARAM_VALUE.M_AXI_ARESETN.POLARITY" spirit:choiceRef="choice_list_9d8b0d81">ACTIVE_LOW</spirit:value>
        </spirit:parameter>
      </spirit:parameters>
    </spirit:busInterface>
    <spirit:busInterface>
      <spirit:name>core_rst_n</spirit:name>
      <spirit:busType spirit:vendor="xilinx.com" spirit:library="signal" spirit:name="reset" spirit:version="1.0"/>
      <spirit:abstractionType spirit:vendor="xilinx.com" spirit:library="signal" spirit:name="reset_rtl" spirit:version="1.0"/>
      <spirit:slave/>
      <spirit:portMaps>
        <spirit:portMap>
          <spirit:logicalPort>
            <spirit:name>RST</spirit:name>
          </spirit:logicalPort>
          <spirit:physicalPort>
            <spirit:name>core_rst_n</spirit:name>
          </spirit:physicalPort>
        </spirit:portMap>
      </spirit:portMaps>
      <spirit:parameters>
        <spirit:parameter>
          <spirit:name>POLARITY</spirit:name>
          <spirit:value spirit:id="BUSIFPARAM_VALUE.CORE_RST_N.POLARITY" spirit:choiceRef="choice_list_9d8b0d81">ACTIVE_LOW</spirit:value>
        </spirit:parameter>
      </spirit:parameters>
    </spirit:busInterface>
    <spirit:busInterface>
      <spirit:name>M_AXI_ACLK</spirit:name>
      <spirit:busType spirit:vendor="xilinx.com" spirit:library="signal" spirit:name="clock" spirit:version="1.0"/>
      <spirit:abstractionType spirit:vendor="xilinx.com" spirit:library="signal" spirit:name="clock_rtl" spirit:version="1.0"/>
      <spirit:slave/>
      <spirit:portMaps>
        <spirit:portMap>
          <spirit:logicalPort>
            <spirit:name>CLK</spirit:name>
          </spirit:logicalPort>
          <spirit:physicalPort>
            <spirit:name>M_AXI_ACLK</spirit:name>
          </spirit:physicalPort>
        </spirit:portMap>
      </spirit:portMaps>
      <spirit:parameters>
        <spirit:parameter>
          <spirit:name>ASSOCIATED_BUSIF</spirit:name>
          <spirit:value spirit:id="BUSIFPARAM_VALUE.M_AXI_ACLK.ASSOCIATED_BUSIF">M_AXI</spirit:value>
        </spirit:parameter>
        <spirit:parameter>
          <spirit:name>ASSOCIATED_RESET</spirit:name>
          <spirit:value spirit:id="BUSIFPARAM_VALUE.M_AXI_ACLK.ASSOCIATED_RESET">M_AXI_ARESETN</spirit:value>
        </spirit:parameter>
      </spirit:parameters>
    </spirit:busInterface>
    <spirit:busInterface>
      <spirit:name>core_clk</spirit:name>
      <spirit:busType spirit:vendor="xilinx.com" spirit:library="signal" spirit:name="clock" spirit:version="1.0"/>
      <spirit:abstractionType spirit:vendor="xilinx.com" spirit:library="signal" spirit:name="clock_rtl" spirit:version="1.0"/>
      <spirit:slave/>
      <spirit:portMaps>
        <spirit:portMap>
          <spirit:logicalPort>
            <spirit:name>CLK</spirit:name>
          </spirit:logicalPort>
          <spirit:physicalPort>
            <spirit:name>core_clk</spirit:name>
          </spirit:physicalPort>
        </spirit:portMap>
      </spirit:portMaps>
      <spirit:parameters>
        <spirit:parameter>
          <spirit:name>ASSOCIATED_RESET</spirit:name>
          <spirit:value spirit:id="BUSIFPARAM_VALUE.CORE_CLK.ASSOCIATED_RESET">core_rst_n</spirit:value>
        </spirit:parameter>
      </spirit:parameters>
    </spirit:busInterface>
  </spirit:busInterfaces>
  <spirit:addressSpaces>
    <spirit:addressSpace>
      <spirit:name>M_AXI</spirit:name>
      <spirit:range spirit:format="long" spirit:resolve="dependent" spirit:dependency="pow(2,31 + 1)" spirit:minimum="4096" spirit:rangeType="long">4294967296</spirit:range>
      <spirit:width spirit:format="long" spirit:resolve="dependent" spirit:dependency="(spirit:decode(id(&apos;MODELPARAM_VALUE.C_M_AXI_DATA_WIDTH&apos;)) - 1) + 1">512</spirit:width>
    </spirit:addressSpace>
  </spirit:addressSpaces>
  <spirit:model>
    <spirit:views>
      <spirit:view>
        <spirit:name>xilinx_anylanguagesynthesis</spirit:name>
        <spirit:displayName>Synthesis</spirit:displayName>
        <spirit:envIdentifier>:vivado.xilinx.com:synthesis</spirit:envIdentifier>
        <spirit:language>Verilog</spirit:language>
        <spirit:modelName>axi_master</spirit:modelName>
        <spirit:fileSetRef>
          <spirit:localName>xilinx_anylanguagesynthesis_xilinx_com_ip_c_addsub_12_0__ref_view_fileset</spirit:localName>
        </spirit:fileSetRef>
        <spirit:fileSetRef>
          <spirit:localName>xilinx_anylanguagesynthesis_xilinx_com_ip_fifo_generator_13_2__ref_view_fileset</spirit:localName>
        </spirit:fileSetRef>
        <spirit:fileSetRef>
          <spirit:localName>xilinx_anylanguagesynthesis_xilinx_com_ip_blk_mem_gen_8_4__ref_view_fileset</spirit:localName>
        </spirit:fileSetRef>
        <spirit:fileSetRef>
          <spirit:localName>xilinx_anylanguagesynthesis_view_fileset</spirit:localName>
        </spirit:fileSetRef>
        <spirit:parameters>
          <spirit:parameter>
            <spirit:name>viewChecksum</spirit:name>
            <spirit:value>9a6b982e</spirit:value>
          </spirit:parameter>
        </spirit:parameters>
      </spirit:view>
      <spirit:view>
        <spirit:name>xilinx_anylanguagebehavioralsimulation</spirit:name>
        <spirit:displayName>Simulation</spirit:displayName>
        <spirit:envIdentifier>:vivado.xilinx.com:simulation</spirit:envIdentifier>
        <spirit:language>Verilog</spirit:language>
        <spirit:modelName>axi_master</spirit:modelName>
        <spirit:fileSetRef>
          <spirit:localName>xilinx_anylanguagebehavioralsimulation_xilinx_com_ip_c_addsub_12_0__ref_view_fileset</spirit:localName>
        </spirit:fileSetRef>
        <spirit:fileSetRef>
          <spirit:localName>xilinx_anylanguagebehavioralsimulation_xilinx_com_ip_fifo_generator_13_2__ref_view_fileset</spirit:localName>
        </spirit:fileSetRef>
        <spirit:fileSetRef>
          <spirit:localName>xilinx_anylanguagebehavioralsimulation_xilinx_com_ip_blk_mem_gen_8_4__ref_view_fileset</spirit:localName>
        </spirit:fileSetRef>
        <spirit:fileSetRef>
          <spirit:localName>xilinx_anylanguagebehavioralsimulation_view_fileset</spirit:localName>
        </spirit:fileSetRef>
        <spirit:parameters>
          <spirit:parameter>
            <spirit:name>viewChecksum</spirit:name>
            <spirit:value>9a6b982e</spirit:value>
          </spirit:parameter>
        </spirit:parameters>
      </spirit:view>
      <spirit:view>
        <spirit:name>xilinx_testbench</spirit:name>
        <spirit:displayName>Test Bench</spirit:displayName>
        <spirit:envIdentifier>:vivado.xilinx.com:simulation.testbench</spirit:envIdentifier>
        <spirit:modelName>test</spirit:modelName>
        <spirit:fileSetRef>
          <spirit:localName>xilinx_testbench_view_fileset</spirit:localName>
        </spirit:fileSetRef>
        <spirit:parameters>
          <spirit:parameter>
            <spirit:name>viewChecksum</spirit:name>
            <spirit:value>a21f6eda</spirit:value>
          </spirit:parameter>
        </spirit:parameters>
      </spirit:view>
      <spirit:view>
        <spirit:name>xilinx_xpgui</spirit:name>
        <spirit:displayName>UI Layout</spirit:displayName>
        <spirit:envIdentifier>:vivado.xilinx.com:xgui.ui</spirit:envIdentifier>
        <spirit:fileSetRef>
          <spirit:localName>xilinx_xpgui_view_fileset</spirit:localName>
        </spirit:fileSetRef>
        <spirit:parameters>
          <spirit:parameter>
            <spirit:name>viewChecksum</spirit:name>
            <spirit:value>5e08b86b</spirit:value>
          </spirit:parameter>
        </spirit:parameters>
      </spirit:view>
    </spirit:views>
    <spirit:ports>
      <spirit:port>
        <spirit:name>M_AXI_ACLK</spirit:name>
        <spirit:wire>
          <spirit:direction>in</spirit:direction>
          <spirit:wireTypeDefs>
            <spirit:wireTypeDef>
              <spirit:typeName>wire</spirit:typeName>
              <spirit:viewNameRef>xilinx_anylanguagesynthesis</spirit:viewNameRef>
              <spirit:viewNameRef>xilinx_anylanguagebehavioralsimulation</spirit:viewNameRef>
            </spirit:wireTypeDef>
          </spirit:wireTypeDefs>
        </spirit:wire>
      </spirit:port>
      <spirit:port>
        <spirit:name>M_AXI_ARESETN</spirit:name>
        <spirit:wire>
          <spirit:direction>in</spirit:direction>
          <spirit:wireTypeDefs>
            <spirit:wireTypeDef>
              <spirit:typeName>wire</spirit:typeName>
              <spirit:viewNameRef>xilinx_anylanguagesynthesis</spirit:viewNameRef>
              <spirit:viewNameRef>xilinx_anylanguagebehavioralsimulation</spirit:viewNameRef>
            </spirit:wireTypeDef>
          </spirit:wireTypeDefs>
        </spirit:wire>
      </spirit:port>
      <spirit:port>
        <spirit:name>core_clk</spirit:name>
        <spirit:wire>
          <spirit:direction>in</spirit:direction>
          <spirit:wireTypeDefs>
            <spirit:wireTypeDef>
              <spirit:typeName>wire</spirit:typeName>
              <spirit:viewNameRef>xilinx_anylanguagesynthesis</spirit:viewNameRef>
              <spirit:viewNameRef>xilinx_anylanguagebehavioralsimulation</spirit:viewNameRef>
            </spirit:wireTypeDef>
          </spirit:wireTypeDefs>
        </spirit:wire>
      </spirit:port>
      <spirit:port>
        <spirit:name>core_rst_n</spirit:name>
        <spirit:wire>
          <spirit:direction>in</spirit:direction>
          <spirit:wireTypeDefs>
            <spirit:wireTypeDef>
              <spirit:typeName>wire</spirit:typeName>
              <spirit:viewNameRef>xilinx_anylanguagesynthesis</spirit:viewNameRef>
              <spirit:viewNameRef>xilinx_anylanguagebehavioralsimulation</spirit:viewNameRef>
            </spirit:wireTypeDef>
          </spirit:wireTypeDefs>
        </spirit:wire>
      </spirit:port>
      <spirit:port>
        <spirit:name>down_head</spirit:name>
        <spirit:wire>
          <spirit:direction>out</spirit:direction>
          <spirit:vector>
            <spirit:left spirit:format="long">31</spirit:left>
            <spirit:right spirit:format="long">0</spirit:right>
          </spirit:vector>
          <spirit:wireTypeDefs>
            <spirit:wireTypeDef>
              <spirit:typeName>wire</spirit:typeName>
              <spirit:viewNameRef>xilinx_anylanguagesynthesis</spirit:viewNameRef>
              <spirit:viewNameRef>xilinx_anylanguagebehavioralsimulation</spirit:viewNameRef>
            </spirit:wireTypeDef>
          </spirit:wireTypeDefs>
        </spirit:wire>
      </spirit:port>
      <spirit:port>
        <spirit:name>up_tail</spirit:name>
        <spirit:wire>
          <spirit:direction>out</spirit:direction>
          <spirit:vector>
            <spirit:left spirit:format="long">31</spirit:left>
            <spirit:right spirit:format="long">0</spirit:right>
          </spirit:vector>
          <spirit:wireTypeDefs>
            <spirit:wireTypeDef>
              <spirit:typeName>wire</spirit:typeName>
              <spirit:viewNameRef>xilinx_anylanguagesynthesis</spirit:viewNameRef>
              <spirit:viewNameRef>xilinx_anylanguagebehavioralsimulation</spirit:viewNameRef>
            </spirit:wireTypeDef>
          </spirit:wireTypeDefs>
        </spirit:wire>
      </spirit:port>
      <spirit:port>
        <spirit:name>down_cnt</spirit:name>
        <spirit:wire>
          <spirit:direction>in</spirit:direction>
          <spirit:vector>
            <spirit:left spirit:format="long">31</spirit:left>
            <spirit:right spirit:format="long">0</spirit:right>
          </spirit:vector>
          <spirit:wireTypeDefs>
            <spirit:wireTypeDef>
              <spirit:typeName>wire</spirit:typeName>
              <spirit:viewNameRef>xilinx_anylanguagesynthesis</spirit:viewNameRef>
              <spirit:viewNameRef>xilinx_anylanguagebehavioralsimulation</spirit:viewNameRef>
            </spirit:wireTypeDef>
          </spirit:wireTypeDefs>
        </spirit:wire>
      </spirit:port>
      <spirit:port>
        <spirit:name>up_cnt</spirit:name>
        <spirit:wire>
          <spirit:direction>in</spirit:direction>
          <spirit:vector>
            <spirit:left spirit:format="long">31</spirit:left>
            <spirit:right spirit:format="long">0</spirit:right>
          </spirit:vector>
          <spirit:wireTypeDefs>
            <spirit:wireTypeDef>
              <spirit:typeName>wire</spirit:typeName>
              <spirit:viewNameRef>xilinx_anylanguagesynthesis</spirit:viewNameRef>
              <spirit:viewNameRef>xilinx_anylanguagebehavioralsimulation</spirit:viewNameRef>
            </spirit:wireTypeDef>
          </spirit:wireTypeDefs>
        </spirit:wire>
      </spirit:port>
      <spirit:port>
        <spirit:name>reg_rsv0</spirit:name>
        <spirit:wire>
          <spirit:direction>in</spirit:direction>
          <spirit:vector>
            <spirit:left spirit:format="long">31</spirit:left>
            <spirit:right spirit:format="long">0</spirit:right>
          </spirit:vector>
          <spirit:wireTypeDefs>
            <spirit:wireTypeDef>
              <spirit:typeName>wire</spirit:typeName>
              <spirit:viewNameRef>xilinx_anylanguagesynthesis</spirit:viewNameRef>
              <spirit:viewNameRef>xilinx_anylanguagebehavioralsimulation</spirit:viewNameRef>
            </spirit:wireTypeDef>
          </spirit:wireTypeDefs>
        </spirit:wire>
      </spirit:port>
      <spirit:port>
        <spirit:name>sop0_cnt</spirit:name>
        <spirit:wire>
          <spirit:direction>out</spirit:direction>
          <spirit:vector>
            <spirit:left spirit:format="long">31</spirit:left>
            <spirit:right spirit:format="long">0</spirit:right>
          </spirit:vector>
          <spirit:wireTypeDefs>
            <spirit:wireTypeDef>
              <spirit:typeName>wire</spirit:typeName>
              <spirit:viewNameRef>xilinx_anylanguagesynthesis</spirit:viewNameRef>
              <spirit:viewNameRef>xilinx_anylanguagebehavioralsimulation</spirit:viewNameRef>
            </spirit:wireTypeDef>
          </spirit:wireTypeDefs>
        </spirit:wire>
      </spirit:port>
      <spirit:port>
        <spirit:name>sop1_cnt</spirit:name>
        <spirit:wire>
          <spirit:direction>out</spirit:direction>
          <spirit:vector>
            <spirit:left spirit:format="long">31</spirit:left>
            <spirit:right spirit:format="long">0</spirit:right>
          </spirit:vector>
          <spirit:wireTypeDefs>
            <spirit:wireTypeDef>
              <spirit:typeName>wire</spirit:typeName>
              <spirit:viewNameRef>xilinx_anylanguagesynthesis</spirit:viewNameRef>
              <spirit:viewNameRef>xilinx_anylanguagebehavioralsimulation</spirit:viewNameRef>
            </spirit:wireTypeDef>
          </spirit:wireTypeDefs>
        </spirit:wire>
      </spirit:port>
      <spirit:port>
        <spirit:name>sop2_cnt</spirit:name>
        <spirit:wire>
          <spirit:direction>out</spirit:direction>
          <spirit:vector>
            <spirit:left spirit:format="long">31</spirit:left>
            <spirit:right spirit:format="long">0</spirit:right>
          </spirit:vector>
          <spirit:wireTypeDefs>
            <spirit:wireTypeDef>
              <spirit:typeName>wire</spirit:typeName>
              <spirit:viewNameRef>xilinx_anylanguagesynthesis</spirit:viewNameRef>
              <spirit:viewNameRef>xilinx_anylanguagebehavioralsimulation</spirit:viewNameRef>
            </spirit:wireTypeDef>
          </spirit:wireTypeDefs>
        </spirit:wire>
      </spirit:port>
      <spirit:port>
        <spirit:name>sop3_cnt</spirit:name>
        <spirit:wire>
          <spirit:direction>out</spirit:direction>
          <spirit:vector>
            <spirit:left spirit:format="long">31</spirit:left>
            <spirit:right spirit:format="long">0</spirit:right>
          </spirit:vector>
          <spirit:wireTypeDefs>
            <spirit:wireTypeDef>
              <spirit:typeName>wire</spirit:typeName>
              <spirit:viewNameRef>xilinx_anylanguagesynthesis</spirit:viewNameRef>
              <spirit:viewNameRef>xilinx_anylanguagebehavioralsimulation</spirit:viewNameRef>
            </spirit:wireTypeDef>
          </spirit:wireTypeDefs>
        </spirit:wire>
      </spirit:port>
      <spirit:port>
        <spirit:name>result_cnt</spirit:name>
        <spirit:wire>
          <spirit:direction>out</spirit:direction>
          <spirit:vector>
            <spirit:left spirit:format="long">31</spirit:left>
            <spirit:right spirit:format="long">0</spirit:right>
          </spirit:vector>
          <spirit:wireTypeDefs>
            <spirit:wireTypeDef>
              <spirit:typeName>wire</spirit:typeName>
              <spirit:viewNameRef>xilinx_anylanguagesynthesis</spirit:viewNameRef>
              <spirit:viewNameRef>xilinx_anylanguagebehavioralsimulation</spirit:viewNameRef>
            </spirit:wireTypeDef>
          </spirit:wireTypeDefs>
        </spirit:wire>
      </spirit:port>
      <spirit:port>
        <spirit:name>M_AXI_AWADDR</spirit:name>
        <spirit:wire>
          <spirit:direction>out</spirit:direction>
          <spirit:vector>
            <spirit:left spirit:format="long">31</spirit:left>
            <spirit:right spirit:format="long">0</spirit:right>
          </spirit:vector>
          <spirit:wireTypeDefs>
            <spirit:wireTypeDef>
              <spirit:typeName>wire</spirit:typeName>
              <spirit:viewNameRef>xilinx_anylanguagesynthesis</spirit:viewNameRef>
              <spirit:viewNameRef>xilinx_anylanguagebehavioralsimulation</spirit:viewNameRef>
            </spirit:wireTypeDef>
          </spirit:wireTypeDefs>
        </spirit:wire>
      </spirit:port>
      <spirit:port>
        <spirit:name>M_AXI_AWLEN</spirit:name>
        <spirit:wire>
          <spirit:direction>out</spirit:direction>
          <spirit:vector>
            <spirit:left spirit:format="long">7</spirit:left>
            <spirit:right spirit:format="long">0</spirit:right>
          </spirit:vector>
          <spirit:wireTypeDefs>
            <spirit:wireTypeDef>
              <spirit:typeName>wire</spirit:typeName>
              <spirit:viewNameRef>xilinx_anylanguagesynthesis</spirit:viewNameRef>
              <spirit:viewNameRef>xilinx_anylanguagebehavioralsimulation</spirit:viewNameRef>
            </spirit:wireTypeDef>
          </spirit:wireTypeDefs>
        </spirit:wire>
      </spirit:port>
      <spirit:port>
        <spirit:name>M_AXI_AWSIZE</spirit:name>
        <spirit:wire>
          <spirit:direction>out</spirit:direction>
          <spirit:vector>
            <spirit:left spirit:format="long">2</spirit:left>
            <spirit:right spirit:format="long">0</spirit:right>
          </spirit:vector>
          <spirit:wireTypeDefs>
            <spirit:wireTypeDef>
              <spirit:typeName>wire</spirit:typeName>
              <spirit:viewNameRef>xilinx_anylanguagesynthesis</spirit:viewNameRef>
              <spirit:viewNameRef>xilinx_anylanguagebehavioralsimulation</spirit:viewNameRef>
            </spirit:wireTypeDef>
          </spirit:wireTypeDefs>
        </spirit:wire>
      </spirit:port>
      <spirit:port>
        <spirit:name>M_AXI_AWBURST</spirit:name>
        <spirit:wire>
          <spirit:direction>out</spirit:direction>
          <spirit:vector>
            <spirit:left spirit:format="long">1</spirit:left>
            <spirit:right spirit:format="long">0</spirit:right>
          </spirit:vector>
          <spirit:wireTypeDefs>
            <spirit:wireTypeDef>
              <spirit:typeName>wire</spirit:typeName>
              <spirit:viewNameRef>xilinx_anylanguagesynthesis</spirit:viewNameRef>
              <spirit:viewNameRef>xilinx_anylanguagebehavioralsimulation</spirit:viewNameRef>
            </spirit:wireTypeDef>
          </spirit:wireTypeDefs>
        </spirit:wire>
      </spirit:port>
      <spirit:port>
        <spirit:name>M_AXI_AWVALID</spirit:name>
        <spirit:wire>
          <spirit:direction>out</spirit:direction>
          <spirit:wireTypeDefs>
            <spirit:wireTypeDef>
              <spirit:typeName>wire</spirit:typeName>
              <spirit:viewNameRef>xilinx_anylanguagesynthesis</spirit:viewNameRef>
              <spirit:viewNameRef>xilinx_anylanguagebehavioralsimulation</spirit:viewNameRef>
            </spirit:wireTypeDef>
          </spirit:wireTypeDefs>
        </spirit:wire>
      </spirit:port>
      <spirit:port>
        <spirit:name>M_AXI_AWREADY</spirit:name>
        <spirit:wire>
          <spirit:direction>in</spirit:direction>
          <spirit:wireTypeDefs>
            <spirit:wireTypeDef>
              <spirit:typeName>wire</spirit:typeName>
              <spirit:viewNameRef>xilinx_anylanguagesynthesis</spirit:viewNameRef>
              <spirit:viewNameRef>xilinx_anylanguagebehavioralsimulation</spirit:viewNameRef>
            </spirit:wireTypeDef>
          </spirit:wireTypeDefs>
          <spirit:driver>
            <spirit:defaultValue spirit:format="long">0</spirit:defaultValue>
          </spirit:driver>
        </spirit:wire>
      </spirit:port>
      <spirit:port>
        <spirit:name>M_AXI_WDATA</spirit:name>
        <spirit:wire>
          <spirit:direction>out</spirit:direction>
          <spirit:vector>
            <spirit:left spirit:format="long" spirit:resolve="dependent" spirit:dependency="(spirit:decode(id(&apos;MODELPARAM_VALUE.C_M_AXI_DATA_WIDTH&apos;)) - 1)">511</spirit:left>
            <spirit:right spirit:format="long">0</spirit:right>
          </spirit:vector>
          <spirit:wireTypeDefs>
            <spirit:wireTypeDef>
              <spirit:typeName>wire</spirit:typeName>
              <spirit:viewNameRef>xilinx_anylanguagesynthesis</spirit:viewNameRef>
              <spirit:viewNameRef>xilinx_anylanguagebehavioralsimulation</spirit:viewNameRef>
            </spirit:wireTypeDef>
          </spirit:wireTypeDefs>
        </spirit:wire>
      </spirit:port>
      <spirit:port>
        <spirit:name>M_AXI_WSTRB</spirit:name>
        <spirit:wire>
          <spirit:direction>out</spirit:direction>
          <spirit:vector>
            <spirit:left spirit:format="long" spirit:resolve="dependent" spirit:dependency="((spirit:decode(id(&apos;MODELPARAM_VALUE.C_M_AXI_DATA_WIDTH&apos;)) / 8) - 1)">63</spirit:left>
            <spirit:right spirit:format="long">0</spirit:right>
          </spirit:vector>
          <spirit:wireTypeDefs>
            <spirit:wireTypeDef>
              <spirit:typeName>wire</spirit:typeName>
              <spirit:viewNameRef>xilinx_anylanguagesynthesis</spirit:viewNameRef>
              <spirit:viewNameRef>xilinx_anylanguagebehavioralsimulation</spirit:viewNameRef>
            </spirit:wireTypeDef>
          </spirit:wireTypeDefs>
        </spirit:wire>
      </spirit:port>
      <spirit:port>
        <spirit:name>M_AXI_WLAST</spirit:name>
        <spirit:wire>
          <spirit:direction>out</spirit:direction>
          <spirit:wireTypeDefs>
            <spirit:wireTypeDef>
              <spirit:typeName>wire</spirit:typeName>
              <spirit:viewNameRef>xilinx_anylanguagesynthesis</spirit:viewNameRef>
              <spirit:viewNameRef>xilinx_anylanguagebehavioralsimulation</spirit:viewNameRef>
            </spirit:wireTypeDef>
          </spirit:wireTypeDefs>
        </spirit:wire>
      </spirit:port>
      <spirit:port>
        <spirit:name>M_AXI_WVALID</spirit:name>
        <spirit:wire>
          <spirit:direction>out</spirit:direction>
          <spirit:wireTypeDefs>
            <spirit:wireTypeDef>
              <spirit:typeName>wire</spirit:typeName>
              <spirit:viewNameRef>xilinx_anylanguagesynthesis</spirit:viewNameRef>
              <spirit:viewNameRef>xilinx_anylanguagebehavioralsimulation</spirit:viewNameRef>
            </spirit:wireTypeDef>
          </spirit:wireTypeDefs>
        </spirit:wire>
      </spirit:port>
      <spirit:port>
        <spirit:name>M_AXI_WREADY</spirit:name>
        <spirit:wire>
          <spirit:direction>in</spirit:direction>
          <spirit:wireTypeDefs>
            <spirit:wireTypeDef>
              <spirit:typeName>wire</spirit:typeName>
              <spirit:viewNameRef>xilinx_anylanguagesynthesis</spirit:viewNameRef>
              <spirit:viewNameRef>xilinx_anylanguagebehavioralsimulation</spirit:viewNameRef>
            </spirit:wireTypeDef>
          </spirit:wireTypeDefs>
          <spirit:driver>
            <spirit:defaultValue spirit:format="long">0</spirit:defaultValue>
          </spirit:driver>
        </spirit:wire>
      </spirit:port>
      <spirit:port>
        <spirit:name>M_AXI_BRESP</spirit:name>
        <spirit:wire>
          <spirit:direction>in</spirit:direction>
          <spirit:vector>
            <spirit:left spirit:format="long">1</spirit:left>
            <spirit:right spirit:format="long">0</spirit:right>
          </spirit:vector>
          <spirit:wireTypeDefs>
            <spirit:wireTypeDef>
              <spirit:typeName>wire</spirit:typeName>
              <spirit:viewNameRef>xilinx_anylanguagesynthesis</spirit:viewNameRef>
              <spirit:viewNameRef>xilinx_anylanguagebehavioralsimulation</spirit:viewNameRef>
            </spirit:wireTypeDef>
          </spirit:wireTypeDefs>
          <spirit:driver>
            <spirit:defaultValue spirit:format="long">0</spirit:defaultValue>
          </spirit:driver>
        </spirit:wire>
      </spirit:port>
      <spirit:port>
        <spirit:name>M_AXI_BVALID</spirit:name>
        <spirit:wire>
          <spirit:direction>in</spirit:direction>
          <spirit:wireTypeDefs>
            <spirit:wireTypeDef>
              <spirit:typeName>wire</spirit:typeName>
              <spirit:viewNameRef>xilinx_anylanguagesynthesis</spirit:viewNameRef>
              <spirit:viewNameRef>xilinx_anylanguagebehavioralsimulation</spirit:viewNameRef>
            </spirit:wireTypeDef>
          </spirit:wireTypeDefs>
          <spirit:driver>
            <spirit:defaultValue spirit:format="long">0</spirit:defaultValue>
          </spirit:driver>
        </spirit:wire>
      </spirit:port>
      <spirit:port>
        <spirit:name>M_AXI_BREADY</spirit:name>
        <spirit:wire>
          <spirit:direction>out</spirit:direction>
          <spirit:wireTypeDefs>
            <spirit:wireTypeDef>
              <spirit:typeName>wire</spirit:typeName>
              <spirit:viewNameRef>xilinx_anylanguagesynthesis</spirit:viewNameRef>
              <spirit:viewNameRef>xilinx_anylanguagebehavioralsimulation</spirit:viewNameRef>
            </spirit:wireTypeDef>
          </spirit:wireTypeDefs>
        </spirit:wire>
      </spirit:port>
      <spirit:port>
        <spirit:name>M_AXI_ARADDR</spirit:name>
        <spirit:wire>
          <spirit:direction>out</spirit:direction>
          <spirit:vector>
            <spirit:left spirit:format="long">31</spirit:left>
            <spirit:right spirit:format="long">0</spirit:right>
          </spirit:vector>
          <spirit:wireTypeDefs>
            <spirit:wireTypeDef>
              <spirit:typeName>wire</spirit:typeName>
              <spirit:viewNameRef>xilinx_anylanguagesynthesis</spirit:viewNameRef>
              <spirit:viewNameRef>xilinx_anylanguagebehavioralsimulation</spirit:viewNameRef>
            </spirit:wireTypeDef>
          </spirit:wireTypeDefs>
        </spirit:wire>
      </spirit:port>
      <spirit:port>
        <spirit:name>M_AXI_ARLEN</spirit:name>
        <spirit:wire>
          <spirit:direction>out</spirit:direction>
          <spirit:vector>
            <spirit:left spirit:format="long">7</spirit:left>
            <spirit:right spirit:format="long">0</spirit:right>
          </spirit:vector>
          <spirit:wireTypeDefs>
            <spirit:wireTypeDef>
              <spirit:typeName>wire</spirit:typeName>
              <spirit:viewNameRef>xilinx_anylanguagesynthesis</spirit:viewNameRef>
              <spirit:viewNameRef>xilinx_anylanguagebehavioralsimulation</spirit:viewNameRef>
            </spirit:wireTypeDef>
          </spirit:wireTypeDefs>
        </spirit:wire>
      </spirit:port>
      <spirit:port>
        <spirit:name>M_AXI_ARSIZE</spirit:name>
        <spirit:wire>
          <spirit:direction>out</spirit:direction>
          <spirit:vector>
            <spirit:left spirit:format="long">2</spirit:left>
            <spirit:right spirit:format="long">0</spirit:right>
          </spirit:vector>
          <spirit:wireTypeDefs>
            <spirit:wireTypeDef>
              <spirit:typeName>wire</spirit:typeName>
              <spirit:viewNameRef>xilinx_anylanguagesynthesis</spirit:viewNameRef>
              <spirit:viewNameRef>xilinx_anylanguagebehavioralsimulation</spirit:viewNameRef>
            </spirit:wireTypeDef>
          </spirit:wireTypeDefs>
        </spirit:wire>
      </spirit:port>
      <spirit:port>
        <spirit:name>M_AXI_ARBURST</spirit:name>
        <spirit:wire>
          <spirit:direction>out</spirit:direction>
          <spirit:vector>
            <spirit:left spirit:format="long">1</spirit:left>
            <spirit:right spirit:format="long">0</spirit:right>
          </spirit:vector>
          <spirit:wireTypeDefs>
            <spirit:wireTypeDef>
              <spirit:typeName>wire</spirit:typeName>
              <spirit:viewNameRef>xilinx_anylanguagesynthesis</spirit:viewNameRef>
              <spirit:viewNameRef>xilinx_anylanguagebehavioralsimulation</spirit:viewNameRef>
            </spirit:wireTypeDef>
          </spirit:wireTypeDefs>
        </spirit:wire>
      </spirit:port>
      <spirit:port>
        <spirit:name>M_AXI_ARVALID</spirit:name>
        <spirit:wire>
          <spirit:direction>out</spirit:direction>
          <spirit:wireTypeDefs>
            <spirit:wireTypeDef>
              <spirit:typeName>wire</spirit:typeName>
              <spirit:viewNameRef>xilinx_anylanguagesynthesis</spirit:viewNameRef>
              <spirit:viewNameRef>xilinx_anylanguagebehavioralsimulation</spirit:viewNameRef>
            </spirit:wireTypeDef>
          </spirit:wireTypeDefs>
        </spirit:wire>
      </spirit:port>
      <spirit:port>
        <spirit:name>M_AXI_ARREADY</spirit:name>
        <spirit:wire>
          <spirit:direction>in</spirit:direction>
          <spirit:wireTypeDefs>
            <spirit:wireTypeDef>
              <spirit:typeName>wire</spirit:typeName>
              <spirit:viewNameRef>xilinx_anylanguagesynthesis</spirit:viewNameRef>
              <spirit:viewNameRef>xilinx_anylanguagebehavioralsimulation</spirit:viewNameRef>
            </spirit:wireTypeDef>
          </spirit:wireTypeDefs>
          <spirit:driver>
            <spirit:defaultValue spirit:format="long">0</spirit:defaultValue>
          </spirit:driver>
        </spirit:wire>
      </spirit:port>
      <spirit:port>
        <spirit:name>M_AXI_RDATA</spirit:name>
        <spirit:wire>
          <spirit:direction>in</spirit:direction>
          <spirit:vector>
            <spirit:left spirit:format="long" spirit:resolve="dependent" spirit:dependency="(spirit:decode(id(&apos;MODELPARAM_VALUE.C_M_AXI_DATA_WIDTH&apos;)) - 1)">511</spirit:left>
            <spirit:right spirit:format="long">0</spirit:right>
          </spirit:vector>
          <spirit:wireTypeDefs>
            <spirit:wireTypeDef>
              <spirit:typeName>wire</spirit:typeName>
              <spirit:viewNameRef>xilinx_anylanguagesynthesis</spirit:viewNameRef>
              <spirit:viewNameRef>xilinx_anylanguagebehavioralsimulation</spirit:viewNameRef>
            </spirit:wireTypeDef>
          </spirit:wireTypeDefs>
          <spirit:driver>
            <spirit:defaultValue spirit:format="long">0</spirit:defaultValue>
          </spirit:driver>
        </spirit:wire>
      </spirit:port>
      <spirit:port>
        <spirit:name>M_AXI_RRESP</spirit:name>
        <spirit:wire>
          <spirit:direction>in</spirit:direction>
          <spirit:vector>
            <spirit:left spirit:format="long">1</spirit:left>
            <spirit:right spirit:format="long">0</spirit:right>
          </spirit:vector>
          <spirit:wireTypeDefs>
            <spirit:wireTypeDef>
              <spirit:typeName>wire</spirit:typeName>
              <spirit:viewNameRef>xilinx_anylanguagesynthesis</spirit:viewNameRef>
              <spirit:viewNameRef>xilinx_anylanguagebehavioralsimulation</spirit:viewNameRef>
            </spirit:wireTypeDef>
          </spirit:wireTypeDefs>
          <spirit:driver>
            <spirit:defaultValue spirit:format="long">0</spirit:defaultValue>
          </spirit:driver>
        </spirit:wire>
      </spirit:port>
      <spirit:port>
        <spirit:name>M_AXI_RLAST</spirit:name>
        <spirit:wire>
          <spirit:direction>in</spirit:direction>
          <spirit:wireTypeDefs>
            <spirit:wireTypeDef>
              <spirit:typeName>wire</spirit:typeName>
              <spirit:viewNameRef>xilinx_anylanguagesynthesis</spirit:viewNameRef>
              <spirit:viewNameRef>xilinx_anylanguagebehavioralsimulation</spirit:viewNameRef>
            </spirit:wireTypeDef>
          </spirit:wireTypeDefs>
          <spirit:driver>
            <spirit:defaultValue spirit:format="long">0</spirit:defaultValue>
          </spirit:driver>
        </spirit:wire>
      </spirit:port>
      <spirit:port>
        <spirit:name>M_AXI_RVALID</spirit:name>
        <spirit:wire>
          <spirit:direction>in</spirit:direction>
          <spirit:wireTypeDefs>
            <spirit:wireTypeDef>
              <spirit:typeName>wire</spirit:typeName>
              <spirit:viewNameRef>xilinx_anylanguagesynthesis</spirit:viewNameRef>
              <spirit:viewNameRef>xilinx_anylanguagebehavioralsimulation</spirit:viewNameRef>
            </spirit:wireTypeDef>
          </spirit:wireTypeDefs>
          <spirit:driver>
            <spirit:defaultValue spirit:format="long">0</spirit:defaultValue>
          </spirit:driver>
        </spirit:wire>
      </spirit:port>
      <spirit:port>
        <spirit:name>M_AXI_RREADY</spirit:name>
        <spirit:wire>
          <spirit:direction>out</spirit:direction>
          <spirit:wireTypeDefs>
            <spirit:wireTypeDef>
              <spirit:typeName>wire</spirit:typeName>
              <spirit:viewNameRef>xilinx_anylanguagesynthesis</spirit:viewNameRef>
              <spirit:viewNameRef>xilinx_anylanguagebehavioralsimulation</spirit:viewNameRef>
            </spirit:wireTypeDef>
          </spirit:wireTypeDefs>
        </spirit:wire>
      </spirit:port>
    </spirit:ports>
    <spirit:modelParameters>
      <spirit:modelParameter xsi:type="spirit:nameValueTypeType" spirit:dataType="integer">
        <spirit:name>C_BURST_LEN</spirit:name>
        <spirit:displayName>C Burst Len</spirit:displayName>
        <spirit:value spirit:format="long" spirit:resolve="generated" spirit:id="MODELPARAM_VALUE.C_BURST_LEN">16</spirit:value>
      </spirit:modelParameter>
      <spirit:modelParameter spirit:dataType="integer">
        <spirit:name>C_M_AXI_DATA_WIDTH</spirit:name>
        <spirit:displayName>C M Axi Data Width</spirit:displayName>
        <spirit:value spirit:format="long" spirit:resolve="generated" spirit:id="MODELPARAM_VALUE.C_M_AXI_DATA_WIDTH">512</spirit:value>
      </spirit:modelParameter>
      <spirit:modelParameter spirit:dataType="integer">
        <spirit:name>DDR_UP_ADDR_START</spirit:name>
        <spirit:displayName>Ddr Up Addr Start</spirit:displayName>
        <spirit:value spirit:format="bitString" spirit:resolve="generated" spirit:id="MODELPARAM_VALUE.DDR_UP_ADDR_START" spirit:bitStringLength="32">0x90000000</spirit:value>
      </spirit:modelParameter>
      <spirit:modelParameter spirit:dataType="integer">
        <spirit:name>DDR_UP_ADDR_END</spirit:name>
        <spirit:displayName>Ddr Up Addr End</spirit:displayName>
        <spirit:value spirit:format="bitString" spirit:resolve="generated" spirit:id="MODELPARAM_VALUE.DDR_UP_ADDR_END" spirit:bitStringLength="32">0xA0000000</spirit:value>
      </spirit:modelParameter>
      <spirit:modelParameter spirit:dataType="integer">
        <spirit:name>DDR_DOWN_ADDR_START</spirit:name>
        <spirit:displayName>Ddr Down Addr Start</spirit:displayName>
        <spirit:value spirit:format="bitString" spirit:resolve="generated" spirit:id="MODELPARAM_VALUE.DDR_DOWN_ADDR_START" spirit:bitStringLength="32">0x00000000</spirit:value>
      </spirit:modelParameter>
      <spirit:modelParameter spirit:dataType="integer">
        <spirit:name>DDR_DOWN_ADDR_END</spirit:name>
        <spirit:displayName>Ddr Down Addr End</spirit:displayName>
        <spirit:value spirit:format="bitString" spirit:resolve="generated" spirit:id="MODELPARAM_VALUE.DDR_DOWN_ADDR_END" spirit:bitStringLength="32">0x80000000</spirit:value>
      </spirit:modelParameter>
      <spirit:modelParameter spirit:dataType="integer">
        <spirit:name>WRITE_C_TRANSACTIONS_NUM</spirit:name>
        <spirit:displayName>Write C Transactions Num</spirit:displayName>
        <spirit:value spirit:format="long" spirit:resolve="generated" spirit:id="MODELPARAM_VALUE.WRITE_C_TRANSACTIONS_NUM">4</spirit:value>
      </spirit:modelParameter>
      <spirit:modelParameter spirit:dataType="integer">
        <spirit:name>READ_C_TRANSACTIONS_NUM</spirit:name>
        <spirit:displayName>Read C Transactions Num</spirit:displayName>
        <spirit:value spirit:format="long" spirit:resolve="generated" spirit:id="MODELPARAM_VALUE.READ_C_TRANSACTIONS_NUM">128</spirit:value>
      </spirit:modelParameter>
      <spirit:modelParameter spirit:dataType="integer">
        <spirit:name>RESULT_DATA_LENGTH</spirit:name>
        <spirit:displayName>Result Data Length</spirit:displayName>
        <spirit:value spirit:format="long" spirit:resolve="generated" spirit:id="MODELPARAM_VALUE.RESULT_DATA_LENGTH">512</spirit:value>
      </spirit:modelParameter>
    </spirit:modelParameters>
  </spirit:model>
  <spirit:choices>
    <spirit:choice>
      <spirit:name>choice_list_9d8b0d81</spirit:name>
      <spirit:enumeration>ACTIVE_HIGH</spirit:enumeration>
      <spirit:enumeration>ACTIVE_LOW</spirit:enumeration>
    </spirit:choice>
  </spirit:choices>
  <spirit:fileSets>
    <spirit:fileSet>
      <spirit:name>xilinx_anylanguagesynthesis_view_fileset</spirit:name>
      <spirit:file>
        <spirit:name>minimap_fpga.srcs/sources_1/ip/ADD/ADD.xci</spirit:name>
        <spirit:userFileType>xci</spirit:userFileType>
      </spirit:file>
      <spirit:file>
        <spirit:name>minimap_fpga.srcs/sources_1/ip/SUB/SUB.xci</spirit:name>
        <spirit:userFileType>xci</spirit:userFileType>
      </spirit:file>
      <spirit:file>
        <spirit:name>minimap_fpga.srcs/sources_1/ip/fifo_512x16/fifo_512x16.xci</spirit:name>
        <spirit:userFileType>xci</spirit:userFileType>
      </spirit:file>
      <spirit:file>
        <spirit:name>minimap_fpga.srcs/sources_1/ip/ram_2port_512x32_4096x4/ram_2port_512x32_4096x4.xci</spirit:name>
        <spirit:userFileType>xci</spirit:userFileType>
      </spirit:file>
      <spirit:file>
        <spirit:name>minimap_fpga.srcs/sources_1/ip/fifo_256x128_1024x32/fifo_256x128_1024x32.xci</spirit:name>
        <spirit:userFileType>xci</spirit:userFileType>
      </spirit:file>
      <spirit:file>
        <spirit:name>minimap_fpga.srcs/sources_1/ip/fifo_256x512/fifo_256x512.xci</spirit:name>
        <spirit:userFileType>xci</spirit:userFileType>
      </spirit:file>
      <spirit:file>
        <spirit:name>minimap_fpga.srcs/sources_1/ip/fifo_512x512/fifo_512x512.xci</spirit:name>
        <spirit:userFileType>xci</spirit:userFileType>
      </spirit:file>
      <spirit:file>
        <spirit:name>minimap_fpga.srcs/sources_1/ip/fifo_1024x512/fifo_1024x512.xci</spirit:name>
        <spirit:userFileType>xci</spirit:userFileType>
      </spirit:file>
      <spirit:file>
        <spirit:name>minimap_fpga.srcs/sources_1/ip/afifo_16x1/afifo_16x1.xci</spirit:name>
        <spirit:userFileType>xci</spirit:userFileType>
      </spirit:file>
      <spirit:file>
        <spirit:name>minimap_fpga.srcs/sources_1/ip/afifo_32x16/afifo_32x16.xci</spirit:name>
        <spirit:userFileType>xci</spirit:userFileType>
      </spirit:file>
      <spirit:file>
        <spirit:name>minimap_fpga.srcs/sources_1/ip/ram_2048x512_8192x128/ram_2048x512_8192x128.xci</spirit:name>
        <spirit:userFileType>xci</spirit:userFileType>
      </spirit:file>
      <spirit:file>
        <spirit:name>minimap_fpga.srcs/sources_1/ip/afifo_16x8/afifo_16x8.xci</spirit:name>
        <spirit:userFileType>xci</spirit:userFileType>
      </spirit:file>
      <spirit:file>
        <spirit:name>minimap_fpga.srcs/sources_1/ip/fifo_64x1024/fifo_64x1024.xci</spirit:name>
        <spirit:userFileType>xci</spirit:userFileType>
      </spirit:file>
      <spirit:file>
        <spirit:name>minimap_fpga.srcs/sources_1/ip/fifo_512x256_64x2048/fifo_512x256_64x2048.xci</spirit:name>
        <spirit:userFileType>xci</spirit:userFileType>
      </spirit:file>
      <spirit:file>
        <spirit:name>minimap_fpga.srcs/sources_1/ip/fifo_64x128/fifo_64x128.xci</spirit:name>
        <spirit:userFileType>xci</spirit:userFileType>
      </spirit:file>
      <spirit:file>
        <spirit:name>minimap_fpga.srcs/sources_1/new/BT_D0.v</spirit:name>
        <spirit:fileType>verilogSource</spirit:fileType>
      </spirit:file>
      <spirit:file>
        <spirit:name>minimap_fpga.srcs/sources_1/new/CMP.v</spirit:name>
        <spirit:fileType>verilogSource</spirit:fileType>
      </spirit:file>
      <spirit:file>
        <spirit:name>minimap_fpga.srcs/sources_1/new/CMP_COL.v</spirit:name>
        <spirit:fileType>verilogSource</spirit:fileType>
      </spirit:file>
      <spirit:file>
        <spirit:name>minimap_fpga.srcs/sources_1/new/CMP_COL_INIT.v</spirit:name>
        <spirit:fileType>verilogSource</spirit:fileType>
      </spirit:file>
      <spirit:file>
        <spirit:name>minimap_fpga.srcs/sources_1/new/PU8/CMP_COL_X.v</spirit:name>
        <spirit:fileType>verilogSource</spirit:fileType>
      </spirit:file>
      <spirit:file>
        <spirit:name>minimap_fpga.srcs/sources_1/new/CMP_E.v</spirit:name>
        <spirit:fileType>verilogSource</spirit:fileType>
      </spirit:file>
      <spirit:file>
        <spirit:name>minimap_fpga.srcs/sources_1/new/CMP_E_F.v</spirit:name>
        <spirit:fileType>verilogSource</spirit:fileType>
      </spirit:file>
      <spirit:file>
        <spirit:name>minimap_fpga.srcs/sources_1/new/CMP_F.v</spirit:name>
        <spirit:fileType>verilogSource</spirit:fileType>
      </spirit:file>
      <spirit:file>
        <spirit:name>minimap_fpga.srcs/sources_1/new/CMP_LOCATION_CJ.v</spirit:name>
        <spirit:fileType>verilogSource</spirit:fileType>
      </spirit:file>
      <spirit:file>
        <spirit:name>minimap_fpga.srcs/sources_1/new/CMP_LOCATION_INIT.v</spirit:name>
        <spirit:fileType>verilogSource</spirit:fileType>
      </spirit:file>
      <spirit:file>
        <spirit:name>minimap_fpga.srcs/sources_1/new/PU8/CMP_LOCATION_X.v</spirit:name>
        <spirit:fileType>verilogSource</spirit:fileType>
      </spirit:file>
      <spirit:file>
        <spirit:name>minimap_fpga.srcs/sources_1/new/CMP_MAX.v</spirit:name>
        <spirit:fileType>verilogSource</spirit:fileType>
      </spirit:file>
      <spirit:file>
        <spirit:name>minimap_fpga.srcs/sources_1/new/PU8/MUX3to8.v</spirit:name>
        <spirit:fileType>verilogSource</spirit:fileType>
      </spirit:file>
      <spirit:file>
        <spirit:name>minimap_fpga.srcs/sources_1/new/PE0.v</spirit:name>
        <spirit:fileType>verilogSource</spirit:fileType>
      </spirit:file>
      <spirit:file>
        <spirit:name>minimap_fpga.srcs/sources_1/new/PEx.v</spirit:name>
        <spirit:fileType>verilogSource</spirit:fileType>
      </spirit:file>
      <spirit:file>
        <spirit:name>minimap_fpga.srcs/sources_1/new/PU8.v</spirit:name>
        <spirit:fileType>verilogSource</spirit:fileType>
      </spirit:file>
      <spirit:file>
        <spirit:name>minimap_fpga.srcs/sources_1/new/SEQ_CMP.v</spirit:name>
        <spirit:fileType>verilogSource</spirit:fileType>
      </spirit:file>
      <spirit:file>
        <spirit:name>minimap_fpga.srcs/sources_1/new/calculate_channel.v</spirit:name>
        <spirit:fileType>verilogSource</spirit:fileType>
      </spirit:file>
      <spirit:file>
        <spirit:name>minimap_fpga.srcs/sources_1/new/calculate_ctl_top.v</spirit:name>
        <spirit:fileType>verilogSource</spirit:fileType>
      </spirit:file>
      <spirit:file>
        <spirit:name>minimap_fpga.srcs/sources_1/new/data_pkt.v</spirit:name>
        <spirit:fileType>verilogSource</spirit:fileType>
      </spirit:file>
      <spirit:file>
        <spirit:name>minimap_fpga.srcs/sources_1/new/PU8/fill_out_packge.v</spirit:name>
        <spirit:fileType>verilogSource</spirit:fileType>
      </spirit:file>
      <spirit:file>
        <spirit:name>minimap_fpga.srcs/sources_1/new/matrix_7.v</spirit:name>
        <spirit:fileType>verilogSource</spirit:fileType>
      </spirit:file>
      <spirit:file>
        <spirit:name>minimap_fpga.srcs/sources_1/new/pkt_analysis_top.v</spirit:name>
        <spirit:fileType>verilogSource</spirit:fileType>
      </spirit:file>
      <spirit:file>
        <spirit:name>minimap_fpga.srcs/sources_1/new/PU8/result_collect.v</spirit:name>
        <spirit:fileType>verilogSource</spirit:fileType>
      </spirit:file>
      <spirit:file>
        <spirit:name>minimap_fpga.srcs/sources_1/new/PU8/result_collect_2.v</spirit:name>
        <spirit:fileType>verilogSource</spirit:fileType>
      </spirit:file>
      <spirit:file>
        <spirit:name>minimap_fpga.srcs/sources_1/new/sw_send.v</spirit:name>
        <spirit:fileType>verilogSource</spirit:fileType>
      </spirit:file>
      <spirit:file>
        <spirit:name>minimap_fpga.srcs/sources_1/cj_test2x1.coe</spirit:name>
        <spirit:userFileType>coe</spirit:userFileType>
      </spirit:file>
      <spirit:file>
        <spirit:name>minimap_fpga.srcs/sources_1/ip/ram_8192x128/sw_data_num_1.coe</spirit:name>
        <spirit:userFileType>coe</spirit:userFileType>
      </spirit:file>
      <spirit:file>
        <spirit:name>minimap_fpga.srcs/sources_1/ip/ram_8192x128/sw_data_num_one_read.coe</spirit:name>
        <spirit:userFileType>coe</spirit:userFileType>
      </spirit:file>
      <spirit:file>
        <spirit:name>minimap_fpga.srcs/sources_1/ip/ram_8192x128/128K.coe</spirit:name>
        <spirit:userFileType>coe</spirit:userFileType>
      </spirit:file>
      <spirit:file>
        <spirit:name>minimap_fpga.srcs/sources_1/ip/ram_8192x128/test.coe</spirit:name>
        <spirit:userFileType>coe</spirit:userFileType>
      </spirit:file>
      <spirit:file>
        <spirit:name>minimap_fpga.srcs/sources_1/ip/ram_8192x128/fpga_input_0.coe</spirit:name>
        <spirit:userFileType>coe</spirit:userFileType>
      </spirit:file>
      <spirit:file>
        <spirit:name>minimap_fpga.srcs/sources_1/ip/ram_8192x128/sw_data_num_1_nwe.coe</spirit:name>
        <spirit:userFileType>coe</spirit:userFileType>
      </spirit:file>
      <spirit:file>
        <spirit:name>minimap_fpga.srcs/sources_1/ip/ram_8192x128_1/sw_data_num_1.coe</spirit:name>
        <spirit:userFileType>coe</spirit:userFileType>
      </spirit:file>
      <spirit:file>
        <spirit:name>minimap_fpga.srcs/sources_1/new/axi4_master.v</spirit:name>
        <spirit:fileType>verilogSource</spirit:fileType>
        <spirit:userFileType>CHECKSUM_79794d31</spirit:userFileType>
      </spirit:file>
    </spirit:fileSet>
    <spirit:fileSet>
      <spirit:name>xilinx_anylanguagesynthesis_xilinx_com_ip_c_addsub_12_0__ref_view_fileset</spirit:name>
      <spirit:vendorExtensions>
        <xilinx:subCoreRef>
          <xilinx:componentRef xilinx:vendor="xilinx.com" xilinx:library="ip" xilinx:name="c_addsub" xilinx:version="12.0">
            <xilinx:mode xilinx:name="create_mode"/>
          </xilinx:componentRef>
        </xilinx:subCoreRef>
      </spirit:vendorExtensions>
    </spirit:fileSet>
    <spirit:fileSet>
      <spirit:name>xilinx_anylanguagesynthesis_xilinx_com_ip_fifo_generator_13_2__ref_view_fileset</spirit:name>
      <spirit:vendorExtensions>
        <xilinx:subCoreRef>
          <xilinx:componentRef xilinx:vendor="xilinx.com" xilinx:library="ip" xilinx:name="fifo_generator" xilinx:version="13.2">
            <xilinx:mode xilinx:name="create_mode"/>
          </xilinx:componentRef>
        </xilinx:subCoreRef>
      </spirit:vendorExtensions>
    </spirit:fileSet>
    <spirit:fileSet>
      <spirit:name>xilinx_anylanguagesynthesis_xilinx_com_ip_blk_mem_gen_8_4__ref_view_fileset</spirit:name>
      <spirit:vendorExtensions>
        <xilinx:subCoreRef>
          <xilinx:componentRef xilinx:vendor="xilinx.com" xilinx:library="ip" xilinx:name="blk_mem_gen" xilinx:version="8.4">
            <xilinx:mode xilinx:name="create_mode"/>
          </xilinx:componentRef>
        </xilinx:subCoreRef>
      </spirit:vendorExtensions>
    </spirit:fileSet>
    <spirit:fileSet>
      <spirit:name>xilinx_anylanguagebehavioralsimulation_view_fileset</spirit:name>
      <spirit:file>
        <spirit:name>minimap_fpga.srcs/sources_1/ip/ADD/ADD.xci</spirit:name>
        <spirit:userFileType>xci</spirit:userFileType>
      </spirit:file>
      <spirit:file>
        <spirit:name>minimap_fpga.srcs/sources_1/ip/SUB/SUB.xci</spirit:name>
        <spirit:userFileType>xci</spirit:userFileType>
      </spirit:file>
      <spirit:file>
        <spirit:name>minimap_fpga.srcs/sources_1/ip/fifo_512x16/fifo_512x16.xci</spirit:name>
        <spirit:userFileType>xci</spirit:userFileType>
      </spirit:file>
      <spirit:file>
        <spirit:name>minimap_fpga.srcs/sources_1/ip/ram_2port_512x32_4096x4/ram_2port_512x32_4096x4.xci</spirit:name>
        <spirit:userFileType>xci</spirit:userFileType>
      </spirit:file>
      <spirit:file>
        <spirit:name>minimap_fpga.srcs/sources_1/ip/fifo_256x128_1024x32/fifo_256x128_1024x32.xci</spirit:name>
        <spirit:userFileType>xci</spirit:userFileType>
      </spirit:file>
      <spirit:file>
        <spirit:name>minimap_fpga.srcs/sources_1/ip/fifo_256x512/fifo_256x512.xci</spirit:name>
        <spirit:userFileType>xci</spirit:userFileType>
      </spirit:file>
      <spirit:file>
        <spirit:name>minimap_fpga.srcs/sources_1/ip/fifo_512x512/fifo_512x512.xci</spirit:name>
        <spirit:userFileType>xci</spirit:userFileType>
      </spirit:file>
      <spirit:file>
        <spirit:name>minimap_fpga.srcs/sources_1/ip/fifo_1024x512/fifo_1024x512.xci</spirit:name>
        <spirit:userFileType>xci</spirit:userFileType>
      </spirit:file>
      <spirit:file>
        <spirit:name>minimap_fpga.srcs/sources_1/ip/afifo_16x1/afifo_16x1.xci</spirit:name>
        <spirit:userFileType>xci</spirit:userFileType>
      </spirit:file>
      <spirit:file>
        <spirit:name>minimap_fpga.srcs/sources_1/ip/afifo_32x16/afifo_32x16.xci</spirit:name>
        <spirit:userFileType>xci</spirit:userFileType>
      </spirit:file>
      <spirit:file>
        <spirit:name>minimap_fpga.srcs/sources_1/ip/ram_2048x512_8192x128/ram_2048x512_8192x128.xci</spirit:name>
        <spirit:userFileType>xci</spirit:userFileType>
      </spirit:file>
      <spirit:file>
        <spirit:name>minimap_fpga.srcs/sources_1/ip/afifo_16x8/afifo_16x8.xci</spirit:name>
        <spirit:userFileType>xci</spirit:userFileType>
      </spirit:file>
      <spirit:file>
        <spirit:name>minimap_fpga.srcs/sources_1/ip/fifo_64x1024/fifo_64x1024.xci</spirit:name>
        <spirit:userFileType>xci</spirit:userFileType>
      </spirit:file>
      <spirit:file>
        <spirit:name>minimap_fpga.srcs/sources_1/ip/fifo_512x256_64x2048/fifo_512x256_64x2048.xci</spirit:name>
        <spirit:userFileType>xci</spirit:userFileType>
      </spirit:file>
      <spirit:file>
        <spirit:name>minimap_fpga.srcs/sources_1/ip/fifo_64x128/fifo_64x128.xci</spirit:name>
        <spirit:userFileType>xci</spirit:userFileType>
      </spirit:file>
      <spirit:file>
        <spirit:name>minimap_fpga.srcs/sources_1/new/BT_D0.v</spirit:name>
        <spirit:fileType>verilogSource</spirit:fileType>
      </spirit:file>
      <spirit:file>
        <spirit:name>minimap_fpga.srcs/sources_1/new/CMP.v</spirit:name>
        <spirit:fileType>verilogSource</spirit:fileType>
      </spirit:file>
      <spirit:file>
        <spirit:name>minimap_fpga.srcs/sources_1/new/CMP_COL.v</spirit:name>
        <spirit:fileType>verilogSource</spirit:fileType>
      </spirit:file>
      <spirit:file>
        <spirit:name>minimap_fpga.srcs/sources_1/new/CMP_COL_INIT.v</spirit:name>
        <spirit:fileType>verilogSource</spirit:fileType>
      </spirit:file>
      <spirit:file>
        <spirit:name>minimap_fpga.srcs/sources_1/new/PU8/CMP_COL_X.v</spirit:name>
        <spirit:fileType>verilogSource</spirit:fileType>
      </spirit:file>
      <spirit:file>
        <spirit:name>minimap_fpga.srcs/sources_1/new/CMP_E.v</spirit:name>
        <spirit:fileType>verilogSource</spirit:fileType>
      </spirit:file>
      <spirit:file>
        <spirit:name>minimap_fpga.srcs/sources_1/new/CMP_E_F.v</spirit:name>
        <spirit:fileType>verilogSource</spirit:fileType>
      </spirit:file>
      <spirit:file>
        <spirit:name>minimap_fpga.srcs/sources_1/new/CMP_F.v</spirit:name>
        <spirit:fileType>verilogSource</spirit:fileType>
      </spirit:file>
      <spirit:file>
        <spirit:name>minimap_fpga.srcs/sources_1/new/CMP_LOCATION_CJ.v</spirit:name>
        <spirit:fileType>verilogSource</spirit:fileType>
      </spirit:file>
      <spirit:file>
        <spirit:name>minimap_fpga.srcs/sources_1/new/CMP_LOCATION_INIT.v</spirit:name>
        <spirit:fileType>verilogSource</spirit:fileType>
      </spirit:file>
      <spirit:file>
        <spirit:name>minimap_fpga.srcs/sources_1/new/PU8/CMP_LOCATION_X.v</spirit:name>
        <spirit:fileType>verilogSource</spirit:fileType>
      </spirit:file>
      <spirit:file>
        <spirit:name>minimap_fpga.srcs/sources_1/new/CMP_MAX.v</spirit:name>
        <spirit:fileType>verilogSource</spirit:fileType>
      </spirit:file>
      <spirit:file>
        <spirit:name>minimap_fpga.srcs/sources_1/new/PU8/MUX3to8.v</spirit:name>
        <spirit:fileType>verilogSource</spirit:fileType>
      </spirit:file>
      <spirit:file>
        <spirit:name>minimap_fpga.srcs/sources_1/new/PE0.v</spirit:name>
        <spirit:fileType>verilogSource</spirit:fileType>
      </spirit:file>
      <spirit:file>
        <spirit:name>minimap_fpga.srcs/sources_1/new/PEx.v</spirit:name>
        <spirit:fileType>verilogSource</spirit:fileType>
      </spirit:file>
      <spirit:file>
        <spirit:name>minimap_fpga.srcs/sources_1/new/PU8.v</spirit:name>
        <spirit:fileType>verilogSource</spirit:fileType>
      </spirit:file>
      <spirit:file>
        <spirit:name>minimap_fpga.srcs/sources_1/new/SEQ_CMP.v</spirit:name>
        <spirit:fileType>verilogSource</spirit:fileType>
      </spirit:file>
      <spirit:file>
        <spirit:name>minimap_fpga.srcs/sources_1/new/calculate_channel.v</spirit:name>
        <spirit:fileType>verilogSource</spirit:fileType>
      </spirit:file>
      <spirit:file>
        <spirit:name>minimap_fpga.srcs/sources_1/new/calculate_ctl_top.v</spirit:name>
        <spirit:fileType>verilogSource</spirit:fileType>
      </spirit:file>
      <spirit:file>
        <spirit:name>minimap_fpga.srcs/sources_1/new/data_pkt.v</spirit:name>
        <spirit:fileType>verilogSource</spirit:fileType>
      </spirit:file>
      <spirit:file>
        <spirit:name>minimap_fpga.srcs/sources_1/new/PU8/fill_out_packge.v</spirit:name>
        <spirit:fileType>verilogSource</spirit:fileType>
      </spirit:file>
      <spirit:file>
        <spirit:name>minimap_fpga.srcs/sources_1/new/matrix_7.v</spirit:name>
        <spirit:fileType>verilogSource</spirit:fileType>
      </spirit:file>
      <spirit:file>
        <spirit:name>minimap_fpga.srcs/sources_1/new/pkt_analysis_top.v</spirit:name>
        <spirit:fileType>verilogSource</spirit:fileType>
      </spirit:file>
      <spirit:file>
        <spirit:name>minimap_fpga.srcs/sources_1/new/PU8/result_collect.v</spirit:name>
        <spirit:fileType>verilogSource</spirit:fileType>
      </spirit:file>
      <spirit:file>
        <spirit:name>minimap_fpga.srcs/sources_1/new/PU8/result_collect_2.v</spirit:name>
        <spirit:fileType>verilogSource</spirit:fileType>
      </spirit:file>
      <spirit:file>
        <spirit:name>minimap_fpga.srcs/sources_1/new/sw_send.v</spirit:name>
        <spirit:fileType>verilogSource</spirit:fileType>
      </spirit:file>
      <spirit:file>
        <spirit:name>minimap_fpga.srcs/sources_1/cj_test2x1.coe</spirit:name>
        <spirit:userFileType>coe</spirit:userFileType>
      </spirit:file>
      <spirit:file>
        <spirit:name>minimap_fpga.srcs/sources_1/ip/ram_8192x128/sw_data_num_1.coe</spirit:name>
        <spirit:userFileType>coe</spirit:userFileType>
      </spirit:file>
      <spirit:file>
        <spirit:name>minimap_fpga.srcs/sources_1/ip/ram_8192x128/sw_data_num_one_read.coe</spirit:name>
        <spirit:userFileType>coe</spirit:userFileType>
      </spirit:file>
      <spirit:file>
        <spirit:name>minimap_fpga.srcs/sources_1/ip/ram_8192x128/128K.coe</spirit:name>
        <spirit:userFileType>coe</spirit:userFileType>
      </spirit:file>
      <spirit:file>
        <spirit:name>minimap_fpga.srcs/sources_1/ip/ram_8192x128/test.coe</spirit:name>
        <spirit:userFileType>coe</spirit:userFileType>
      </spirit:file>
      <spirit:file>
        <spirit:name>minimap_fpga.srcs/sources_1/ip/ram_8192x128/fpga_input_0.coe</spirit:name>
        <spirit:userFileType>coe</spirit:userFileType>
      </spirit:file>
      <spirit:file>
        <spirit:name>minimap_fpga.srcs/sources_1/ip/ram_8192x128/sw_data_num_1_nwe.coe</spirit:name>
        <spirit:userFileType>coe</spirit:userFileType>
      </spirit:file>
      <spirit:file>
        <spirit:name>minimap_fpga.srcs/sources_1/ip/ram_8192x128_1/sw_data_num_1.coe</spirit:name>
        <spirit:userFileType>coe</spirit:userFileType>
      </spirit:file>
      <spirit:file>
        <spirit:name>minimap_fpga.srcs/sources_1/new/axi4_master.v</spirit:name>
        <spirit:fileType>verilogSource</spirit:fileType>
      </spirit:file>
    </spirit:fileSet>
    <spirit:fileSet>
      <spirit:name>xilinx_anylanguagebehavioralsimulation_xilinx_com_ip_c_addsub_12_0__ref_view_fileset</spirit:name>
      <spirit:vendorExtensions>
        <xilinx:subCoreRef>
          <xilinx:componentRef xilinx:vendor="xilinx.com" xilinx:library="ip" xilinx:name="c_addsub" xilinx:version="12.0">
            <xilinx:mode xilinx:name="create_mode"/>
          </xilinx:componentRef>
        </xilinx:subCoreRef>
      </spirit:vendorExtensions>
    </spirit:fileSet>
    <spirit:fileSet>
      <spirit:name>xilinx_anylanguagebehavioralsimulation_xilinx_com_ip_fifo_generator_13_2__ref_view_fileset</spirit:name>
      <spirit:vendorExtensions>
        <xilinx:subCoreRef>
          <xilinx:componentRef xilinx:vendor="xilinx.com" xilinx:library="ip" xilinx:name="fifo_generator" xilinx:version="13.2">
            <xilinx:mode xilinx:name="create_mode"/>
          </xilinx:componentRef>
        </xilinx:subCoreRef>
      </spirit:vendorExtensions>
    </spirit:fileSet>
    <spirit:fileSet>
      <spirit:name>xilinx_anylanguagebehavioralsimulation_xilinx_com_ip_blk_mem_gen_8_4__ref_view_fileset</spirit:name>
      <spirit:vendorExtensions>
        <xilinx:subCoreRef>
          <xilinx:componentRef xilinx:vendor="xilinx.com" xilinx:library="ip" xilinx:name="blk_mem_gen" xilinx:version="8.4">
            <xilinx:mode xilinx:name="create_mode"/>
          </xilinx:componentRef>
        </xilinx:subCoreRef>
      </spirit:vendorExtensions>
    </spirit:fileSet>
    <spirit:fileSet>
      <spirit:name>xilinx_testbench_view_fileset</spirit:name>
      <spirit:file>
        <spirit:name>minimap_fpga.srcs/sim_1/new/test.sv</spirit:name>
        <spirit:fileType>verilogSource</spirit:fileType>
        <spirit:userFileType>USED_IN_implementation</spirit:userFileType>
        <spirit:userFileType>USED_IN_simulation</spirit:userFileType>
        <spirit:userFileType>USED_IN_synthesis</spirit:userFileType>
      </spirit:file>
      <spirit:file>
        <spirit:name>PU4_sim_behav.wcfg</spirit:name>
        <spirit:fileType>unknown</spirit:fileType>
        <spirit:userFileType>USED_IN_simulation</spirit:userFileType>
      </spirit:file>
      <spirit:file>
        <spirit:name>PU4_sim_PE1.wcfg</spirit:name>
        <spirit:fileType>unknown</spirit:fileType>
        <spirit:userFileType>USED_IN_simulation</spirit:userFileType>
      </spirit:file>
      <spirit:file>
        <spirit:name>test_behav.wcfg</spirit:name>
        <spirit:fileType>unknown</spirit:fileType>
        <spirit:userFileType>USED_IN_simulation</spirit:userFileType>
      </spirit:file>
    </spirit:fileSet>
    <spirit:fileSet>
      <spirit:name>xilinx_xpgui_view_fileset</spirit:name>
      <spirit:file>
        <spirit:name>xgui/minimap_v2_0_v2_0.tcl</spirit:name>
        <spirit:fileType>tclSource</spirit:fileType>
        <spirit:userFileType>CHECKSUM_5e08b86b</spirit:userFileType>
        <spirit:userFileType>XGUI_VERSION_2</spirit:userFileType>
      </spirit:file>
    </spirit:fileSet>
  </spirit:fileSets>
  <spirit:description>minimap_v2_0</spirit:description>
  <spirit:parameters>
    <spirit:parameter>
      <spirit:name>C_BURST_LEN</spirit:name>
      <spirit:displayName>C Burst Len</spirit:displayName>
      <spirit:value spirit:format="long" spirit:resolve="user" spirit:id="PARAM_VALUE.C_BURST_LEN">16</spirit:value>
    </spirit:parameter>
    <spirit:parameter>
      <spirit:name>C_M_AXI_DATA_WIDTH</spirit:name>
      <spirit:displayName>C M Axi Data Width</spirit:displayName>
      <spirit:value spirit:format="long" spirit:resolve="user" spirit:id="PARAM_VALUE.C_M_AXI_DATA_WIDTH">512</spirit:value>
    </spirit:parameter>
    <spirit:parameter>
      <spirit:name>DDR_UP_ADDR_START</spirit:name>
      <spirit:displayName>Ddr Up Addr Start</spirit:displayName>
      <spirit:value spirit:format="bitString" spirit:resolve="user" spirit:id="PARAM_VALUE.DDR_UP_ADDR_START" spirit:bitStringLength="32">0x90000000</spirit:value>
    </spirit:parameter>
    <spirit:parameter>
      <spirit:name>DDR_UP_ADDR_END</spirit:name>
      <spirit:displayName>Ddr Up Addr End</spirit:displayName>
      <spirit:value spirit:format="bitString" spirit:resolve="user" spirit:id="PARAM_VALUE.DDR_UP_ADDR_END" spirit:bitStringLength="32">0xA0000000</spirit:value>
    </spirit:parameter>
    <spirit:parameter>
      <spirit:name>DDR_DOWN_ADDR_START</spirit:name>
      <spirit:displayName>Ddr Down Addr Start</spirit:displayName>
      <spirit:value spirit:format="bitString" spirit:resolve="user" spirit:id="PARAM_VALUE.DDR_DOWN_ADDR_START" spirit:bitStringLength="32">0x00000000</spirit:value>
    </spirit:parameter>
    <spirit:parameter>
      <spirit:name>DDR_DOWN_ADDR_END</spirit:name>
      <spirit:displayName>Ddr Down Addr End</spirit:displayName>
      <spirit:value spirit:format="bitString" spirit:resolve="user" spirit:id="PARAM_VALUE.DDR_DOWN_ADDR_END" spirit:bitStringLength="32">0x80000000</spirit:value>
    </spirit:parameter>
    <spirit:parameter>
      <spirit:name>WRITE_C_TRANSACTIONS_NUM</spirit:name>
      <spirit:displayName>Write C Transactions Num</spirit:displayName>
      <spirit:value spirit:format="long" spirit:resolve="user" spirit:id="PARAM_VALUE.WRITE_C_TRANSACTIONS_NUM">4</spirit:value>
    </spirit:parameter>
    <spirit:parameter>
      <spirit:name>READ_C_TRANSACTIONS_NUM</spirit:name>
      <spirit:displayName>Read C Transactions Num</spirit:displayName>
      <spirit:value spirit:format="long" spirit:resolve="user" spirit:id="PARAM_VALUE.READ_C_TRANSACTIONS_NUM">128</spirit:value>
    </spirit:parameter>
    <spirit:parameter>
      <spirit:name>RESULT_DATA_LENGTH</spirit:name>
      <spirit:displayName>Result Data Length</spirit:displayName>
      <spirit:value spirit:format="long" spirit:resolve="user" spirit:id="PARAM_VALUE.RESULT_DATA_LENGTH">512</spirit:value>
    </spirit:parameter>
    <spirit:parameter>
      <spirit:name>Component_Name</spirit:name>
      <spirit:value spirit:resolve="user" spirit:id="PARAM_VALUE.Component_Name" spirit:order="1">minimap_v2_0_v2_0</spirit:value>
    </spirit:parameter>
  </spirit:parameters>
  <spirit:vendorExtensions>
    <xilinx:coreExtensions>
      <xilinx:supportedFamilies>
        <xilinx:family xilinx:lifeCycle="Production">kintexu</xilinx:family>
      </xilinx:supportedFamilies>
      <xilinx:taxonomies>
        <xilinx:taxonomy>/UserIP</xilinx:taxonomy>
      </xilinx:taxonomies>
      <xilinx:displayName>minimap_v2_0</xilinx:displayName>
      <xilinx:definitionSource>package_project</xilinx:definitionSource>
      <xilinx:xpmLibraries>
        <xilinx:xpmLibrary>XPM_CDC</xilinx:xpmLibrary>
        <xilinx:xpmLibrary>XPM_MEMORY</xilinx:xpmLibrary>
      </xilinx:xpmLibraries>
      <xilinx:coreRevision>14</xilinx:coreRevision>
      <xilinx:coreCreationDateTime>2019-12-13T01:37:15Z</xilinx:coreCreationDateTime>
      <xilinx:tags>
        <xilinx:tag xilinx:name="ui.data.coregen.dd@5a74ab69_ARCHIVE_LOCATION">/home/fpga-0/NGS_prj/minimap_fpga</xilinx:tag>
        <xilinx:tag xilinx:name="ui.data.coregen.dd@7e05cfd0_ARCHIVE_LOCATION">/home/fpga-0/NGS_prj/minimap_fpga</xilinx:tag>
        <xilinx:tag xilinx:name="ui.data.coregen.dd@13fb91fe_ARCHIVE_LOCATION">/home/fpga-0/NGS_prj/minimap_fpga</xilinx:tag>
        <xilinx:tag xilinx:name="ui.data.coregen.dd@46db1d0e_ARCHIVE_LOCATION">/home/fpga-0/NGS_prj/minimap_fpga</xilinx:tag>
        <xilinx:tag xilinx:name="ui.data.coregen.dd@2c60b32b_ARCHIVE_LOCATION">/home/fpga-0/NGS_prj/minimap_fpga</xilinx:tag>
        <xilinx:tag xilinx:name="ui.data.coregen.dd@21a93630_ARCHIVE_LOCATION">/home/fpga-0/NGS_prj/minimap_fpga</xilinx:tag>
        <xilinx:tag xilinx:name="ui.data.coregen.dd@1480030f_ARCHIVE_LOCATION">/home/fpga-0/NGS_prj/minimap_fpga</xilinx:tag>
        <xilinx:tag xilinx:name="ui.data.coregen.dd@2888e137_ARCHIVE_LOCATION">/home/fpga-0/NGS_prj/minimap_fpga</xilinx:tag>
        <xilinx:tag xilinx:name="ui.data.coregen.dd@590fe56f_ARCHIVE_LOCATION">/home/fpga-0/NGS_prj/minimap_fpga</xilinx:tag>
        <xilinx:tag xilinx:name="ui.data.coregen.dd@42459c75_ARCHIVE_LOCATION">/home/fpga-0/NGS_prj/minimap_fpga</xilinx:tag>
        <xilinx:tag xilinx:name="ui.data.coregen.dd@26633813_ARCHIVE_LOCATION">/home/fpga-0/NGS_prj/minimap_fpga</xilinx:tag>
        <xilinx:tag xilinx:name="ui.data.coregen.dd@18ff3d72_ARCHIVE_LOCATION">/home/fpga-0/NGS_prj/minimap_fpga</xilinx:tag>
        <xilinx:tag xilinx:name="ui.data.coregen.dd@5eb96a80_ARCHIVE_LOCATION">/home/fpga-0/NGS_prj/minimap_fpga</xilinx:tag>
        <xilinx:tag xilinx:name="ui.data.coregen.dd@53a975c3_ARCHIVE_LOCATION">/home/fpga-0/NGS_prj/minimap_fpga</xilinx:tag>
        <xilinx:tag xilinx:name="ui.data.coregen.dd@459f362c_ARCHIVE_LOCATION">/home/fpga-0/NGS_prj/minimap_fpga</xilinx:tag>
        <xilinx:tag xilinx:name="ui.data.coregen.dd@7521dba_ARCHIVE_LOCATION">/home/fpga-0/NGS_prj/minimap_fpga</xilinx:tag>
        <xilinx:tag xilinx:name="ui.data.coregen.dd@569e5d65_ARCHIVE_LOCATION">/home/fpga-0/NGS_prj/minimap_fpga</xilinx:tag>
        <xilinx:tag xilinx:name="ui.data.coregen.dd@33fd82c_ARCHIVE_LOCATION">/home/fpga-0/NGS_prj/minimap_fpga</xilinx:tag>
        <xilinx:tag xilinx:name="ui.data.coregen.dd@e8425a1_ARCHIVE_LOCATION">/home/fpga-0/NGS_prj/minimap_fpga</xilinx:tag>
        <xilinx:tag xilinx:name="ui.data.coregen.dd@55fd015e_ARCHIVE_LOCATION">/home/fpga-0/NGS_prj/minimap_fpga</xilinx:tag>
        <xilinx:tag xilinx:name="ui.data.coregen.dd@6f8d85eb_ARCHIVE_LOCATION">/home/fpga-0/NGS_prj/minimap_fpga</xilinx:tag>
        <xilinx:tag xilinx:name="ui.data.coregen.dd@b59bca4_ARCHIVE_LOCATION">/home/fpga-0/NGS_prj/minimap_fpga</xilinx:tag>
        <xilinx:tag xilinx:name="ui.data.coregen.dd@78ffd999_ARCHIVE_LOCATION">/home/fpga-0/NGS_prj/minimap_fpga</xilinx:tag>
        <xilinx:tag xilinx:name="ui.data.coregen.dd@6f82714e_ARCHIVE_LOCATION">/home/fpga-0/NGS_prj/minimap_fpga</xilinx:tag>
        <xilinx:tag xilinx:name="ui.data.coregen.dd@50da231a_ARCHIVE_LOCATION">/home/fpga-0/NGS_prj/minimap_fpga</xilinx:tag>
        <xilinx:tag xilinx:name="ui.data.coregen.dd@22834c5b_ARCHIVE_LOCATION">/home/fpga-0/NGS_prj/minimap_fpga</xilinx:tag>
        <xilinx:tag xilinx:name="ui.data.coregen.dd@78f299cb_ARCHIVE_LOCATION">/home/fpga-0/NGS_prj/minimap_fpga</xilinx:tag>
        <xilinx:tag xilinx:name="ui.data.coregen.dd@285de122_ARCHIVE_LOCATION">/home/fpga-0/NGS_prj/minimap_fpga</xilinx:tag>
        <xilinx:tag xilinx:name="ui.data.coregen.dd@14790efe_ARCHIVE_LOCATION">/home/fpga-0/NGS_prj/minimap_fpga</xilinx:tag>
        <xilinx:tag xilinx:name="ui.data.coregen.dd@41b2b512_ARCHIVE_LOCATION">/home/fpga-0/NGS_prj/minimap_fpga</xilinx:tag>
        <xilinx:tag xilinx:name="ui.data.coregen.dd@7f90ce5e_ARCHIVE_LOCATION">/home/fpga-0/NGS_prj/minimap_fpga</xilinx:tag>
        <xilinx:tag xilinx:name="ui.data.coregen.dd@3bca026c_ARCHIVE_LOCATION">/home/fpga-0/NGS_prj/minimap_fpga</xilinx:tag>
        <xilinx:tag xilinx:name="ui.data.coregen.dd@5cf942c9_ARCHIVE_LOCATION">/home/fpga-0/NGS_prj/minimap_fpga</xilinx:tag>
        <xilinx:tag xilinx:name="ui.data.coregen.dd@3aaff811_ARCHIVE_LOCATION">/home/fpga-0/NGS_prj/minimap_fpga</xilinx:tag>
        <xilinx:tag xilinx:name="ui.data.coregen.dd@74b85bd7_ARCHIVE_LOCATION">/home/fpga-0/NGS_prj/minimap_fpga</xilinx:tag>
        <xilinx:tag xilinx:name="ui.data.coregen.dd@1e9b26e1_ARCHIVE_LOCATION">/home/fpga-0/NGS_prj/minimap_fpga</xilinx:tag>
        <xilinx:tag xilinx:name="ui.data.coregen.dd@32b0ecbe_ARCHIVE_LOCATION">/home/fpga-0/NGS_prj/minimap_fpga</xilinx:tag>
        <xilinx:tag xilinx:name="ui.data.coregen.dd@2d7a1e59_ARCHIVE_LOCATION">/home/fpga-0/NGS_prj/minimap_fpga</xilinx:tag>
        <xilinx:tag xilinx:name="ui.data.coregen.dd@433f31d5_ARCHIVE_LOCATION">/home/fpga-0/NGS_prj/minimap_fpga</xilinx:tag>
        <xilinx:tag xilinx:name="ui.data.coregen.dd@f612aa8_ARCHIVE_LOCATION">/home/fpga-0/NGS_prj/minimap_fpga</xilinx:tag>
        <xilinx:tag xilinx:name="ui.data.coregen.dd@248e826c_ARCHIVE_LOCATION">/home/fpga-0/NGS_prj/minimap_fpga</xilinx:tag>
        <xilinx:tag xilinx:name="ui.data.coregen.dd@3af47f89_ARCHIVE_LOCATION">/home/fpga-0/NGS_prj/minimap_fpga</xilinx:tag>
        <xilinx:tag xilinx:name="ui.data.coregen.dd@1a39f30a_ARCHIVE_LOCATION">/home/fpga-0/NGS_prj/minimap_fpga</xilinx:tag>
        <xilinx:tag xilinx:name="ui.data.coregen.dd@3a3b7be0_ARCHIVE_LOCATION">/home/fpga-0/NGS_prj/minimap_fpga</xilinx:tag>
        <xilinx:tag xilinx:name="ui.data.coregen.dd@3d692a62_ARCHIVE_LOCATION">/home/fpga-0/NGS_prj/minimap_fpga_PU8</xilinx:tag>
        <xilinx:tag xilinx:name="ui.data.coregen.dd@14bf995b_ARCHIVE_LOCATION">/home/fpga-0/NGS_prj/minimap_fpga_PU8</xilinx:tag>
        <xilinx:tag xilinx:name="ui.data.coregen.dd@1383aa7a_ARCHIVE_LOCATION">/home/fpga-0/NGS_prj/minimap_fpga_PU8</xilinx:tag>
        <xilinx:tag xilinx:name="ui.data.coregen.dd@793d7b6d_ARCHIVE_LOCATION">/home/fpga-0/NGS_prj/minimap_fpga_PU8</xilinx:tag>
        <xilinx:tag xilinx:name="ui.data.coregen.dd@ba1ff25_ARCHIVE_LOCATION">/home/fpga-0/NGS_prj/minimap_fpga_PU8</xilinx:tag>
        <xilinx:tag xilinx:name="ui.data.coregen.dd@7380e31d_ARCHIVE_LOCATION">/home/fpga-0/NGS_prj/minimap_fpga_PU8</xilinx:tag>
        <xilinx:tag xilinx:name="ui.data.coregen.dd@7894bb95_ARCHIVE_LOCATION">/home/fpga-0/NGS_prj/minimap_fpga_PU8</xilinx:tag>
        <xilinx:tag xilinx:name="ui.data.coregen.dd@4b792638_ARCHIVE_LOCATION">/home/fpga-0/NGS_prj/minimap_fpga_PU8</xilinx:tag>
        <xilinx:tag xilinx:name="ui.data.coregen.dd@3c59d1e0_ARCHIVE_LOCATION">/home/fpga-0/NGS_prj/minimap_fpga_PU8</xilinx:tag>
        <xilinx:tag xilinx:name="ui.data.coregen.dd@59d30805_ARCHIVE_LOCATION">/home/fpga-0/NGS_prj/minimap_fpga_PU8</xilinx:tag>
        <xilinx:tag xilinx:name="ui.data.coregen.dd@60aa766d_ARCHIVE_LOCATION">/home/fpga-0/NGS_prj/minimap_fpga_PU8</xilinx:tag>
        <xilinx:tag xilinx:name="ui.data.coregen.dd@7f144059_ARCHIVE_LOCATION">/home/fpga-0/NGS_prj/minimap_fpga_PU8</xilinx:tag>
        <xilinx:tag xilinx:name="ui.data.coregen.dd@79315567_ARCHIVE_LOCATION">/home/fpga-0/NGS_prj/minimap_fpga_PU8</xilinx:tag>
        <xilinx:tag xilinx:name="ui.data.coregen.dd@4a02dd6e_ARCHIVE_LOCATION">/home/fpga-0/NGS_prj/minimap_fpga_PU8</xilinx:tag>
        <xilinx:tag xilinx:name="ui.data.coregen.dd@4f6993f8_ARCHIVE_LOCATION">/home/fpga-0/NGS_prj/minimap_fpga_PU8</xilinx:tag>
        <xilinx:tag xilinx:name="ui.data.coregen.dd@2c1a1f8f_ARCHIVE_LOCATION">/home/fpga-0/NGS_prj/minimap_fpga_PU8</xilinx:tag>
        <xilinx:tag xilinx:name="ui.data.coregen.dd@662a49c0_ARCHIVE_LOCATION">/home/fpga-0/NGS_prj/minimap_fpga_PU8</xilinx:tag>
        <xilinx:tag xilinx:name="ui.data.coregen.dd@939f5c2_ARCHIVE_LOCATION">/home/fpga-0/NGS_prj/minimap_fpga_PU8</xilinx:tag>
        <xilinx:tag xilinx:name="ui.data.coregen.dd@27916a44_ARCHIVE_LOCATION">/home/fpga-0/NGS_prj/minimap_fpga_PU8</xilinx:tag>
        <xilinx:tag xilinx:name="ui.data.coregen.dd@117ff1ee_ARCHIVE_LOCATION">/home/fpga-0/NGS_prj/minimap_fpga_PU8</xilinx:tag>
        <xilinx:tag xilinx:name="ui.data.coregen.dd@5525db4a_ARCHIVE_LOCATION">/home/fpga-0/NGS_prj/minimap_fpga_PU8</xilinx:tag>
        <xilinx:tag xilinx:name="ui.data.coregen.dd@4f3bf192_ARCHIVE_LOCATION">/home/fpga-0/NGS_prj/minimap_fpga_PU8</xilinx:tag>
        <xilinx:tag xilinx:name="ui.data.coregen.dd@23693f1_ARCHIVE_LOCATION">/home/fpga-0/NGS_prj/minimap_fpga_PU8</xilinx:tag>
        <xilinx:tag xilinx:name="ui.data.coregen.dd@5465ea9b_ARCHIVE_LOCATION">/home/fpga-0/NGS_prj/minimap_fpga_PU8</xilinx:tag>
        <xilinx:tag xilinx:name="ui.data.coregen.dd@70b0b8d0_ARCHIVE_LOCATION">/home/fpga-0/NGS_prj/minimap_fpga_PU8</xilinx:tag>
        <xilinx:tag xilinx:name="ui.data.coregen.dd@1e1771f8_ARCHIVE_LOCATION">/home/fpga-0/NGS_prj/minimap_fpga_PU8</xilinx:tag>
        <xilinx:tag xilinx:name="ui.data.coregen.dd@6e948cf8_ARCHIVE_LOCATION">/home/fpga-0/NGS_prj/minimap_fpga_PU8</xilinx:tag>
        <xilinx:tag xilinx:name="ui.data.coregen.dd@6631856a_ARCHIVE_LOCATION">/home/fpga-0/NGS_prj/minimap_fpga_PU8</xilinx:tag>
        <xilinx:tag xilinx:name="ui.data.coregen.dd@67aaf374_ARCHIVE_LOCATION">/home/fpga-0/NGS_prj/minimap_fpga_PU8</xilinx:tag>
        <xilinx:tag xilinx:name="ui.data.coregen.dd@7d16f502_ARCHIVE_LOCATION">/home/fpga-0/NGS_prj/minimap_fpga_PU8</xilinx:tag>
        <xilinx:tag xilinx:name="ui.data.coregen.dd@72ad9304_ARCHIVE_LOCATION">/home/fpga-0/NGS_prj/minimap_fpga_PU8</xilinx:tag>
        <xilinx:tag xilinx:name="ui.data.coregen.dd@3f68c843_ARCHIVE_LOCATION">/home/fpga-0/NGS_prj/minimap_fpga_PU8</xilinx:tag>
        <xilinx:tag xilinx:name="ui.data.coregen.dd@2d40a00f_ARCHIVE_LOCATION">/home/fpga-0/NGS_prj/minimap_fpga_PU8</xilinx:tag>
        <xilinx:tag xilinx:name="ui.data.coregen.dd@5573fed2_ARCHIVE_LOCATION">/home/fpga-0/NGS_prj/minimap_fpga_PU8</xilinx:tag>
        <xilinx:tag xilinx:name="ui.data.coregen.dd@471a1b99_ARCHIVE_LOCATION">/home/fpga-0/NGS_prj/minimap_fpga_PU8</xilinx:tag>
        <xilinx:tag xilinx:name="ui.data.coregen.dd@74882d3a_ARCHIVE_LOCATION">/home/fpga-0/NGS_prj/minimap_fpga_PU8</xilinx:tag>
        <xilinx:tag xilinx:name="ui.data.coregen.dd@8e605d9_ARCHIVE_LOCATION">/home/fpga-0/NGS_prj/minimap_fpga_PU8</xilinx:tag>
        <xilinx:tag xilinx:name="ui.data.coregen.dd@759cb97_ARCHIVE_LOCATION">/home/fpga-0/NGS_prj/minimap_fpga_PU8</xilinx:tag>
        <xilinx:tag xilinx:name="ui.data.coregen.dd@6ec9e41f_ARCHIVE_LOCATION">/home/fpga-0/NGS_prj/minimap_fpga_PU8</xilinx:tag>
        <xilinx:tag xilinx:name="ui.data.coregen.dd@3c1b2da_ARCHIVE_LOCATION">/home/fpga-0/NGS_prj/minimap_fpga_PU8</xilinx:tag>
        <xilinx:tag xilinx:name="ui.data.coregen.dd@47facd47_ARCHIVE_LOCATION">/home/fpga-0/NGS_prj/minimap_fpga_PU8</xilinx:tag>
        <xilinx:tag xilinx:name="ui.data.coregen.dd@14f2c200_ARCHIVE_LOCATION">/home/fpga-0/NGS_prj/minimap_fpga_PU8</xilinx:tag>
        <xilinx:tag xilinx:name="ui.data.coregen.dd@25054677_ARCHIVE_LOCATION">/home/fpga-0/NGS_prj/minimap_fpga_PU8</xilinx:tag>
        <xilinx:tag xilinx:name="ui.data.coregen.dd@c4848c_ARCHIVE_LOCATION">/home/fpga-0/NGS_prj/minimap_fpga_PU8</xilinx:tag>
        <xilinx:tag xilinx:name="ui.data.coregen.dd@31563456_ARCHIVE_LOCATION">/home/fpga-0/NGS_prj/minimap_fpga_PU8</xilinx:tag>
        <xilinx:tag xilinx:name="ui.data.coregen.dd@ebca526_ARCHIVE_LOCATION">/home/fpga-0/NGS_prj/minimap_fpga_PU8</xilinx:tag>
        <xilinx:tag xilinx:name="ui.data.coregen.dd@4aab2fc_ARCHIVE_LOCATION">/home/fpga-0/NGS_prj/minimap_fpga_PU8</xilinx:tag>
        <xilinx:tag xilinx:name="ui.data.coregen.dd@4978952_ARCHIVE_LOCATION">/home/fpga-0/NGS_prj/minimap_fpga_PU8</xilinx:tag>
        <xilinx:tag xilinx:name="ui.data.coregen.dd@165c1ce4_ARCHIVE_LOCATION">/home/fpga-0/NGS_prj/minimap_fpga_PU8</xilinx:tag>
        <xilinx:tag xilinx:name="ui.data.coregen.dd@46d54f1d_ARCHIVE_LOCATION">/home/fpga-0/NGS_prj/minimap_fpga_PU8</xilinx:tag>
        <xilinx:tag xilinx:name="ui.data.coregen.dd@105510f6_ARCHIVE_LOCATION">/home/fpga-0/NGS_prj/minimap_fpga_PU8</xilinx:tag>
        <xilinx:tag xilinx:name="ui.data.coregen.dd@24c92f41_ARCHIVE_LOCATION">/home/fpga-0/NGS_prj/minimap_fpga_PU8</xilinx:tag>
        <xilinx:tag xilinx:name="ui.data.coregen.dd@54ef99b9_ARCHIVE_LOCATION">/home/fpga-0/NGS_prj/minimap_fpga_PU8</xilinx:tag>
        <xilinx:tag xilinx:name="ui.data.coregen.dd@264dea4f_ARCHIVE_LOCATION">/home/fpga-0/NGS_prj/minimap_fpga_PU8</xilinx:tag>
        <xilinx:tag xilinx:name="ui.data.coregen.dd@37d4757_ARCHIVE_LOCATION">/home/fpga-0/NGS_prj/minimap_fpga_PU8</xilinx:tag>
        <xilinx:tag xilinx:name="ui.data.coregen.dd@36508e78_ARCHIVE_LOCATION">/home/fpga-0/NGS_prj/minimap_fpga_PU8</xilinx:tag>
        <xilinx:tag xilinx:name="ui.data.coregen.dd@687f4957_ARCHIVE_LOCATION">/home/fpga-0/NGS_prj/minimap_fpga_PU8</xilinx:tag>
        <xilinx:tag xilinx:name="ui.data.coregen.dd@6a4cfd36_ARCHIVE_LOCATION">/home/fpga-0/NGS_prj/minimap_fpga_PU8</xilinx:tag>
        <xilinx:tag xilinx:name="ui.data.coregen.dd@fa3dee1_ARCHIVE_LOCATION">/home/fpga-0/NGS_prj/minimap_fpga_PU8</xilinx:tag>
        <xilinx:tag xilinx:name="ui.data.coregen.dd@66a2dc58_ARCHIVE_LOCATION">/home/fpga-0/NGS_prj/minimap_fpga_PU8</xilinx:tag>
        <xilinx:tag xilinx:name="ui.data.coregen.dd@c6be8b_ARCHIVE_LOCATION">/home/fpga-0/NGS_prj/minimap_fpga_PU8</xilinx:tag>
        <xilinx:tag xilinx:name="ui.data.coregen.dd@5ff7a5bc_ARCHIVE_LOCATION">/home/fpga-0/NGS_prj/minimap_fpga_PU8</xilinx:tag>
        <xilinx:tag xilinx:name="ui.data.coregen.dd@67f28412_ARCHIVE_LOCATION">/home/fpga-0/NGS_prj/minimap_fpga_PU8</xilinx:tag>
        <xilinx:tag xilinx:name="ui.data.coregen.dd@461b3dd4_ARCHIVE_LOCATION">/home/fpga-0/NGS_prj/minimap_fpga_PU8</xilinx:tag>
        <xilinx:tag xilinx:name="ui.data.coregen.dd@2ab67e42_ARCHIVE_LOCATION">/home/fpga-0/NGS_prj/minimap_fpga_PU8</xilinx:tag>
        <xilinx:tag xilinx:name="ui.data.coregen.dd@19926d28_ARCHIVE_LOCATION">/home/fpga-0/NGS_prj/minimap_fpga_PU8</xilinx:tag>
        <xilinx:tag xilinx:name="ui.data.coregen.dd@12bb0be9_ARCHIVE_LOCATION">/home/fpga-0/NGS_prj/minimap_fpga_PU8</xilinx:tag>
        <xilinx:tag xilinx:name="ui.data.coregen.dd@34c01286_ARCHIVE_LOCATION">/home/fpga-0/NGS_prj/minimap_fpga_PU8</xilinx:tag>
        <xilinx:tag xilinx:name="ui.data.coregen.dd@2d09d356_ARCHIVE_LOCATION">/home/fpga-0/NGS_prj/minimap_fpga_PU8</xilinx:tag>
        <xilinx:tag xilinx:name="ui.data.coregen.dd@22e61860_ARCHIVE_LOCATION">/home/fpga-0/NGS_prj/minimap_fpga_PU8</xilinx:tag>
        <xilinx:tag xilinx:name="ui.data.coregen.dd@33c06e9_ARCHIVE_LOCATION">/home/fpga-0/NGS_prj/minimap_fpga_PU8</xilinx:tag>
        <xilinx:tag xilinx:name="ui.data.coregen.dd@7ce74ea4_ARCHIVE_LOCATION">/home/fpga-0/NGS_prj/minimap_fpga_PU8</xilinx:tag>
        <xilinx:tag xilinx:name="ui.data.coregen.dd@4834660b_ARCHIVE_LOCATION">/home/fpga-0/NGS_prj/minimap_fpga_PU8</xilinx:tag>
        <xilinx:tag xilinx:name="ui.data.coregen.dd@c685d9e_ARCHIVE_LOCATION">/home/fpga-0/NGS_prj/minimap_fpga_PU8</xilinx:tag>
        <xilinx:tag xilinx:name="ui.data.coregen.dd@22d0892c_ARCHIVE_LOCATION">/home/fpga-0/NGS_prj/minimap_fpga_PU8</xilinx:tag>
        <xilinx:tag xilinx:name="ui.data.coregen.dd@69b8a849_ARCHIVE_LOCATION">/home/fpga-0/NGS_prj/minimap_fpga_PU8</xilinx:tag>
        <xilinx:tag xilinx:name="ui.data.coregen.dd@529c8e33_ARCHIVE_LOCATION">/home/fpga-0/NGS_prj/minimap_fpga_PU8</xilinx:tag>
        <xilinx:tag xilinx:name="ui.data.coregen.dd@540520c5_ARCHIVE_LOCATION">/home/fpga-0/NGS_prj/minimap_fpga_PU8</xilinx:tag>
        <xilinx:tag xilinx:name="ui.data.coregen.dd@6f0cedf0_ARCHIVE_LOCATION">/home/fpga-0/NGS_prj/minimap_fpga_PU8</xilinx:tag>
        <xilinx:tag xilinx:name="ui.data.coregen.dd@2ba7e8f4_ARCHIVE_LOCATION">/home/fpga-0/NGS_prj/minimap_fpga_PU8</xilinx:tag>
        <xilinx:tag xilinx:name="ui.data.coregen.dd@e93e6b0_ARCHIVE_LOCATION">/home/fpga-0/NGS_prj/minimap_fpga_PU8</xilinx:tag>
        <xilinx:tag xilinx:name="ui.data.coregen.dd@137c2135_ARCHIVE_LOCATION">/home/fpga-0/NGS_prj/minimap_fpga_PU8</xilinx:tag>
        <xilinx:tag xilinx:name="ui.data.coregen.dd@1b11d045_ARCHIVE_LOCATION">/home/fpga-0/NGS_prj/minimap_fpga_PU8</xilinx:tag>
        <xilinx:tag xilinx:name="ui.data.coregen.dd@f040ead_ARCHIVE_LOCATION">/home/fpga-0/NGS_prj/minimap_fpga_PU8</xilinx:tag>
        <xilinx:tag xilinx:name="ui.data.coregen.dd@5c089872_ARCHIVE_LOCATION">/home/fpga-0/NGS_prj/minimap_fpga_PU8</xilinx:tag>
        <xilinx:tag xilinx:name="ui.data.coregen.dd@572e2921_ARCHIVE_LOCATION">/home/fpga-0/NGS_prj/minimap_fpga_PU8</xilinx:tag>
        <xilinx:tag xilinx:name="ui.data.coregen.dd@76b1b0c1_ARCHIVE_LOCATION">/home/fpga-0/NGS_prj/minimap_fpga_PU8</xilinx:tag>
        <xilinx:tag xilinx:name="ui.data.coregen.dd@51d956c_ARCHIVE_LOCATION">/home/fpga-0/NGS_prj/minimap_fpga_PU8</xilinx:tag>
        <xilinx:tag xilinx:name="ui.data.coregen.dd@319d867d_ARCHIVE_LOCATION">/home/fpga-0/NGS_prj/minimap_fpga_PU8</xilinx:tag>
        <xilinx:tag xilinx:name="ui.data.coregen.dd@5d3aa931_ARCHIVE_LOCATION">/home/fpga-0/NGS_prj/minimap_fpga_PU8</xilinx:tag>
        <xilinx:tag xilinx:name="ui.data.coregen.dd@69143f22_ARCHIVE_LOCATION">/home/fpga-0/NGS_prj/minimap_fpga_PU8</xilinx:tag>
        <xilinx:tag xilinx:name="ui.data.coregen.dd@113e79e3_ARCHIVE_LOCATION">/home/fpga-0/NGS_prj/minimap_fpga_PU8</xilinx:tag>
        <xilinx:tag xilinx:name="ui.data.coregen.dd@3d78350_ARCHIVE_LOCATION">/home/fpga-0/NGS_prj/minimap_fpga_PU8</xilinx:tag>
        <xilinx:tag xilinx:name="ui.data.coregen.dd@80ba67d_ARCHIVE_LOCATION">/home/fpga-0/NGS_prj/minimap_fpga_PU8</xilinx:tag>
        <xilinx:tag xilinx:name="ui.data.coregen.dd@43cd16ef_ARCHIVE_LOCATION">/home/fpga-0/NGS_prj/minimap_fpga_PU8</xilinx:tag>
        <xilinx:tag xilinx:name="ui.data.coregen.dd@d23c990_ARCHIVE_LOCATION">/home/fpga-0/NGS_prj/minimap_fpga_PU8</xilinx:tag>
        <xilinx:tag xilinx:name="ui.data.coregen.dd@1337273_ARCHIVE_LOCATION">/home/fpga-0/NGS_prj/minimap_fpga_PU8</xilinx:tag>
        <xilinx:tag xilinx:name="ui.data.coregen.dd@480fa323_ARCHIVE_LOCATION">/home/fpga-0/NGS_prj/minimap_fpga_PU8</xilinx:tag>
        <xilinx:tag xilinx:name="ui.data.coregen.dd@18576d73_ARCHIVE_LOCATION">/home/fpga-0/NGS_prj/minimap_fpga_PU8</xilinx:tag>
        <xilinx:tag xilinx:name="ui.data.coregen.dd@28f4aa3d_ARCHIVE_LOCATION">/home/fpga-0/NGS_prj/minimap_fpga_PU8</xilinx:tag>
        <xilinx:tag xilinx:name="ui.data.coregen.dd@3f2190a_ARCHIVE_LOCATION">/home/fpga-0/NGS_prj/minimap_fpga_PU8</xilinx:tag>
        <xilinx:tag xilinx:name="ui.data.coregen.dd@5032d4d9_ARCHIVE_LOCATION">/home/fpga-0/NGS_prj/minimap_fpga_PU8</xilinx:tag>
        <xilinx:tag xilinx:name="ui.data.coregen.dd@33321ee7_ARCHIVE_LOCATION">/home/fpga-0/NGS_prj/minimap_fpga_PU8</xilinx:tag>
        <xilinx:tag xilinx:name="ui.data.coregen.dd@6cee77d_ARCHIVE_LOCATION">/home/fpga-0/NGS_prj/minimap_fpga_PU8</xilinx:tag>
        <xilinx:tag xilinx:name="ui.data.coregen.dd@66198671_ARCHIVE_LOCATION">/home/fpga-0/NGS_prj/minimap_fpga_PU8</xilinx:tag>
        <xilinx:tag xilinx:name="ui.data.coregen.dd@7b57462e_ARCHIVE_LOCATION">/home/fpga-0/NGS_prj/minimap_fpga_PU8</xilinx:tag>
        <xilinx:tag xilinx:name="ui.data.coregen.dd@13c2b508_ARCHIVE_LOCATION">/home/fpga-0/NGS_prj/minimap_fpga_PU8</xilinx:tag>
        <xilinx:tag xilinx:name="ui.data.coregen.dd@5f12265a_ARCHIVE_LOCATION">/home/fpga-0/NGS_prj/minimap_fpga_PU8</xilinx:tag>
        <xilinx:tag xilinx:name="ui.data.coregen.dd@2bdc106e_ARCHIVE_LOCATION">/home/fpga-0/NGS_prj/minimap_fpga_PU8</xilinx:tag>
        <xilinx:tag xilinx:name="ui.data.coregen.dd@5a7a5aaa_ARCHIVE_LOCATION">/home/fpga-0/NGS_prj/minimap_fpga_PU8</xilinx:tag>
        <xilinx:tag xilinx:name="ui.data.coregen.dd@285b6682_ARCHIVE_LOCATION">/home/fpga-0/NGS_prj/minimap_fpga_PU8</xilinx:tag>
        <xilinx:tag xilinx:name="ui.data.coregen.dd@5c65d079_ARCHIVE_LOCATION">/home/fpga-0/NGS_prj/minimap_fpga_PU8</xilinx:tag>
        <xilinx:tag xilinx:name="ui.data.coregen.dd@5f7ebd15_ARCHIVE_LOCATION">/home/fpga-0/NGS_prj/minimap_fpga_PU8</xilinx:tag>
        <xilinx:tag xilinx:name="ui.data.coregen.dd@57b9f0ec_ARCHIVE_LOCATION">/home/fpga-0/NGS_prj/minimap_fpga_PU8</xilinx:tag>
        <xilinx:tag xilinx:name="ui.data.coregen.dd@15c36da2_ARCHIVE_LOCATION">/home/fpga-0/NGS_prj/minimap_fpga_PU8</xilinx:tag>
        <xilinx:tag xilinx:name="ui.data.coregen.dd@373a61c7_ARCHIVE_LOCATION">/home/fpga-0/NGS_prj/minimap_fpga_PU8</xilinx:tag>
        <xilinx:tag xilinx:name="ui.data.coregen.dd@6e002990_ARCHIVE_LOCATION">/home/fpga-0/NGS_prj/minimap_fpga_PU8</xilinx:tag>
        <xilinx:tag xilinx:name="ui.data.coregen.dd@3553d696_ARCHIVE_LOCATION">/home/fpga-0/NGS_prj/minimap_fpga_PU8</xilinx:tag>
        <xilinx:tag xilinx:name="ui.data.coregen.dd@4bfa39d5_ARCHIVE_LOCATION">/home/fpga-0/NGS_prj/minimap_fpga_PU8</xilinx:tag>
        <xilinx:tag xilinx:name="ui.data.coregen.dd@55c6436f_ARCHIVE_LOCATION">/home/fpga-0/NGS_prj/minimap_fpga_PU8</xilinx:tag>
        <xilinx:tag xilinx:name="ui.data.coregen.dd@12f5ab5e_ARCHIVE_LOCATION">/home/fpga-0/NGS_prj/minimap_fpga_PU8</xilinx:tag>
        <xilinx:tag xilinx:name="ui.data.coregen.dd@4094e807_ARCHIVE_LOCATION">/home/fpga-0/NGS_prj/minimap_fpga_PU8</xilinx:tag>
        <xilinx:tag xilinx:name="ui.data.coregen.dd@5854c1ef_ARCHIVE_LOCATION">/home/fpga-0/NGS_prj/minimap_fpga_PU8</xilinx:tag>
        <xilinx:tag xilinx:name="ui.data.coregen.dd@7ef0351a_ARCHIVE_LOCATION">/home/fpga-0/NGS_prj/minimap_fpga_PU8</xilinx:tag>
        <xilinx:tag xilinx:name="ui.data.coregen.dd@987ea45_ARCHIVE_LOCATION">/home/fpga-0/NGS_prj/minimap_fpga_PU8</xilinx:tag>
        <xilinx:tag xilinx:name="ui.data.coregen.dd@2e611429_ARCHIVE_LOCATION">/home/fpga-0/NGS_prj/minimap_fpga_PU8</xilinx:tag>
        <xilinx:tag xilinx:name="ui.data.coregen.dd@5c7e936f_ARCHIVE_LOCATION">/home/fpga-0/NGS_prj/minimap_fpga_PU8</xilinx:tag>
        <xilinx:tag xilinx:name="ui.data.coregen.dd@135030d6_ARCHIVE_LOCATION">/home/fpga-0/NGS_prj/minimap_fpga_PU8</xilinx:tag>
        <xilinx:tag xilinx:name="ui.data.coregen.dd@5118621b_ARCHIVE_LOCATION">/home/fpga-0/NGS_prj/minimap_fpga_PU8</xilinx:tag>
        <xilinx:tag xilinx:name="ui.data.coregen.dd@ad5c43a_ARCHIVE_LOCATION">/home/fpga-0/NGS_prj/minimap_fpga_PU8</xilinx:tag>
        <xilinx:tag xilinx:name="ui.data.coregen.dd@3c942e29_ARCHIVE_LOCATION">/home/fpga-0/NGS_prj/minimap_fpga_PU8</xilinx:tag>
        <xilinx:tag xilinx:name="ui.data.coregen.dd@db35fcb_ARCHIVE_LOCATION">/home/fpga-0/NGS_prj/minimap_fpga_PU8</xilinx:tag>
        <xilinx:tag xilinx:name="ui.data.coregen.dd@30d45606_ARCHIVE_LOCATION">/home/fpga-0/NGS_prj/minimap_fpga_PU8</xilinx:tag>
        <xilinx:tag xilinx:name="ui.data.coregen.dd@6c88bb2c_ARCHIVE_LOCATION">/home/fpga-0/NGS_prj/minimap_fpga_PU8</xilinx:tag>
        <xilinx:tag xilinx:name="ui.data.coregen.dd@799eb5bb_ARCHIVE_LOCATION">/home/fpga-0/NGS_prj/minimap_fpga_PU8</xilinx:tag>
        <xilinx:tag xilinx:name="ui.data.coregen.dd@1afcc327_ARCHIVE_LOCATION">/home/fpga-0/NGS_prj/minimap_fpga_PU8</xilinx:tag>
        <xilinx:tag xilinx:name="ui.data.coregen.dd@304676f1_ARCHIVE_LOCATION">/home/fpga-0/NGS_prj/minimap_fpga_PU8</xilinx:tag>
        <xilinx:tag xilinx:name="ui.data.coregen.dd@551df072_ARCHIVE_LOCATION">/home/fpga-0/NGS_prj/minimap_fpga_PU8</xilinx:tag>
      </xilinx:tags>
    </xilinx:coreExtensions>
    <xilinx:packagingInfo>
      <xilinx:xilinxVersion>2018.3</xilinx:xilinxVersion>
      <xilinx:checksum xilinx:scope="busInterfaces" xilinx:value="805f6a0e"/>
      <xilinx:checksum xilinx:scope="addressSpaces" xilinx:value="d7b2fd5f"/>
      <xilinx:checksum xilinx:scope="fileGroups" xilinx:value="812cbf6e"/>
      <xilinx:checksum xilinx:scope="ports" xilinx:value="4c6629de"/>
      <xilinx:checksum xilinx:scope="hdlParameters" xilinx:value="9561e1aa"/>
      <xilinx:checksum xilinx:scope="parameters" xilinx:value="0f18ba89"/>
    </xilinx:packagingInfo>
  </spirit:vendorExtensions>
</spirit:component>
